14:49:14 INFO  : Registering command handlers for Vitis TCF services
14:49:14 INFO  : Launching XSCT server: xsct.bat -n  -interactive C:\Travail\s4InfoAtelier4\temp_xsdb_launch_script.tcl
14:49:16 INFO  : XSCT server has started successfully.
14:49:16 INFO  : Platform repository initialization has completed.
14:49:16 INFO  : plnx-install-location is set to ''
14:49:16 INFO  : Successfully done setting XSCT server connection channel  
14:49:16 INFO  : Successfully done query RDI_DATADIR 
14:49:16 INFO  : Successfully done setting workspace for the tool. 
14:53:29 INFO  : Result from executing command 'getProjects': atelier4_wrapper
14:53:29 INFO  : Result from executing command 'getPlatforms': 
14:53:30 WARN  : An unexpected exception occurred in the module 'platform project logging'
14:53:30 INFO  : Platform 'atelier4_wrapper' is added to custom repositories.
14:53:37 INFO  : Platform 'atelier4_wrapper' is added to custom repositories.
15:12:30 INFO  : Result from executing command 'getProjects': atelier4_wrapper
15:12:30 INFO  : Result from executing command 'getPlatforms': atelier4_wrapper|C:/Travail/s4InfoAtelier4/atelier4_wrapper/export/atelier4_wrapper/atelier4_wrapper.xpfm
15:15:01 INFO  : Checking for BSP changes to sync application flags for project 'project'...
15:15:24 INFO  : Connected to target on host '127.0.0.1' and port '3121'.
15:15:24 INFO  : 'targets -set -filter {jtag_cable_name =~ "Digilent Zybo Z7 210351A77B04A" && level==0 && jtag_device_ctx=="jsn-Zybo Z7-210351A77B04A-13722093-0"}' command is executed.
15:15:25 INFO  : Device configured successfully with "C:/Travail/s4InfoAtelier4/project/_ide/bitstream/atelier4_wrapper.bit"
15:15:53 INFO  : Connected to target on host '127.0.0.1' and port '3121'.
15:15:53 INFO  : Jtag cable 'Digilent Zybo Z7 210351A77B04A' is selected.
15:15:53 INFO  : 'jtag frequency' command is executed.
15:15:53 INFO  : Context for 'APU' is selected.
15:15:53 INFO  : System reset is completed.
15:15:56 INFO  : 'after 3000' command is executed.
15:15:56 INFO  : 'targets -set -filter {jtag_cable_name =~ "Digilent Zybo Z7 210351A77B04A" && level==0 && jtag_device_ctx=="jsn-Zybo Z7-210351A77B04A-13722093-0"}' command is executed.
15:15:57 INFO  : Device configured successfully with "C:/Travail/s4InfoAtelier4/project/_ide/bitstream/atelier4_wrapper.bit"
15:15:57 INFO  : Context for 'APU' is selected.
15:15:57 INFO  : Hardware design and registers information is loaded from 'C:/Travail/s4InfoAtelier4/atelier4_wrapper/export/atelier4_wrapper/hw/atelier4_wrapper.xsa'.
15:15:57 INFO  : 'configparams force-mem-access 1' command is executed.
15:15:57 INFO  : Context for 'APU' is selected.
15:15:57 INFO  : Sourcing of 'C:/Travail/s4InfoAtelier4/project/_ide/psinit/ps7_init.tcl' is done.
15:15:58 INFO  : 'ps7_init' command is executed.
15:15:58 INFO  : 'ps7_post_config' command is executed.
15:15:58 INFO  : Context for processor 'ps7_cortexa9_0' is selected.
15:15:58 INFO  : The application 'C:/Travail/s4InfoAtelier4/project/Debug/project.elf' is downloaded to processor 'ps7_cortexa9_0'.
15:15:58 INFO  : 'configparams force-mem-access 0' command is executed.
15:15:58 INFO  : ----------------XSDB Script----------------
connect -url tcp:127.0.0.1:3121
targets -set -nocase -filter {name =~"APU*"}
rst -system
after 3000
targets -set -filter {jtag_cable_name =~ "Digilent Zybo Z7 210351A77B04A" && level==0 && jtag_device_ctx=="jsn-Zybo Z7-210351A77B04A-13722093-0"}
fpga -file C:/Travail/s4InfoAtelier4/project/_ide/bitstream/atelier4_wrapper.bit
targets -set -nocase -filter {name =~"APU*"}
loadhw -hw C:/Travail/s4InfoAtelier4/atelier4_wrapper/export/atelier4_wrapper/hw/atelier4_wrapper.xsa -mem-ranges [list {0x40000000 0xbfffffff}] -regs
configparams force-mem-access 1
targets -set -nocase -filter {name =~"APU*"}
source C:/Travail/s4InfoAtelier4/project/_ide/psinit/ps7_init.tcl
ps7_init
ps7_post_config
targets -set -nocase -filter {name =~ "*A9*#0"}
dow C:/Travail/s4InfoAtelier4/project/Debug/project.elf
configparams force-mem-access 0
----------------End of Script----------------

15:15:58 INFO  : Context for processor 'ps7_cortexa9_0' is selected.
15:15:58 INFO  : 'con' command is executed.
15:15:58 INFO  : ----------------XSDB Script (After Launch)----------------
targets -set -nocase -filter {name =~ "*A9*#0"}
con
----------------End of Script----------------

15:15:58 INFO  : Launch script is exported to file 'C:\Travail\s4InfoAtelier4\project_system\_ide\scripts\debugger_project-default.tcl'
15:43:38 INFO  : Disconnected from the channel tcfchan#2.
15:56:10 INFO  : Hardware specification for platform project 'atelier4_wrapper' is updated.
15:56:21 INFO  : Result from executing command 'getProjects': atelier4_wrapper
15:56:21 INFO  : Result from executing command 'getPlatforms': atelier4_wrapper|C:/Travail/s4InfoAtelier4/atelier4_wrapper/export/atelier4_wrapper/atelier4_wrapper.xpfm
15:56:41 INFO  : Checking for BSP changes to sync application flags for project 'project'...
15:56:54 INFO  : The hardware specfication used by project 'project' is out of sync with the platform. Resource files extracted from the hardware specfiication will be updated.
15:56:54 INFO  : The file 'C:\Travail\s4InfoAtelier4\project\_ide\bitstream\atelier4_wrapper.bit' stored in project is removed.
15:56:54 INFO  : The updated bitstream files are copied from platform to folder 'C:\Travail\s4InfoAtelier4\project\_ide\bitstream' in project 'project'.
15:56:54 INFO  : The file 'C:\Travail\s4InfoAtelier4\project\_ide\psinit\ps7_init.tcl' stored in project is removed.
15:56:59 INFO  : The updated ps init files are copied from platform to folder 'C:\Travail\s4InfoAtelier4\project\_ide\psinit' in project 'project'.
15:57:11 INFO  : Connected to target on host '127.0.0.1' and port '3121'.
15:57:11 INFO  : 'targets -set -filter {jtag_cable_name =~ "Digilent Zybo Z7 210351A77B04A" && level==0 && jtag_device_ctx=="jsn-Zybo Z7-210351A77B04A-13722093-0"}' command is executed.
15:57:12 INFO  : Device configured successfully with "C:/Travail/s4InfoAtelier4/project/_ide/bitstream/atelier4_wrapper.bit"
15:57:28 INFO  : Connected to target on host '127.0.0.1' and port '3121'.
15:57:28 INFO  : Jtag cable 'Digilent Zybo Z7 210351A77B04A' is selected.
15:57:28 INFO  : 'jtag frequency' command is executed.
15:57:28 INFO  : Context for 'APU' is selected.
15:57:28 INFO  : System reset is completed.
15:57:31 INFO  : 'after 3000' command is executed.
15:57:31 INFO  : 'targets -set -filter {jtag_cable_name =~ "Digilent Zybo Z7 210351A77B04A" && level==0 && jtag_device_ctx=="jsn-Zybo Z7-210351A77B04A-13722093-0"}' command is executed.
15:57:32 INFO  : Device configured successfully with "C:/Travail/s4InfoAtelier4/project/_ide/bitstream/atelier4_wrapper.bit"
15:57:32 INFO  : Context for 'APU' is selected.
15:57:33 INFO  : Hardware design and registers information is loaded from 'C:/Travail/s4InfoAtelier4/atelier4_wrapper/export/atelier4_wrapper/hw/atelier4_wrapper.xsa'.
15:57:33 INFO  : 'configparams force-mem-access 1' command is executed.
15:57:33 INFO  : Context for 'APU' is selected.
15:57:33 INFO  : Sourcing of 'C:/Travail/s4InfoAtelier4/project/_ide/psinit/ps7_init.tcl' is done.
15:57:33 INFO  : 'ps7_init' command is executed.
15:57:33 INFO  : 'ps7_post_config' command is executed.
15:57:33 INFO  : Context for processor 'ps7_cortexa9_0' is selected.
15:57:33 INFO  : The application 'C:/Travail/s4InfoAtelier4/project/Debug/project.elf' is downloaded to processor 'ps7_cortexa9_0'.
15:57:33 INFO  : 'configparams force-mem-access 0' command is executed.
15:57:33 INFO  : ----------------XSDB Script----------------
connect -url tcp:127.0.0.1:3121
targets -set -nocase -filter {name =~"APU*"}
rst -system
after 3000
targets -set -filter {jtag_cable_name =~ "Digilent Zybo Z7 210351A77B04A" && level==0 && jtag_device_ctx=="jsn-Zybo Z7-210351A77B04A-13722093-0"}
fpga -file C:/Travail/s4InfoAtelier4/project/_ide/bitstream/atelier4_wrapper.bit
targets -set -nocase -filter {name =~"APU*"}
loadhw -hw C:/Travail/s4InfoAtelier4/atelier4_wrapper/export/atelier4_wrapper/hw/atelier4_wrapper.xsa -mem-ranges [list {0x40000000 0xbfffffff}] -regs
configparams force-mem-access 1
targets -set -nocase -filter {name =~"APU*"}
source C:/Travail/s4InfoAtelier4/project/_ide/psinit/ps7_init.tcl
ps7_init
ps7_post_config
targets -set -nocase -filter {name =~ "*A9*#0"}
dow C:/Travail/s4InfoAtelier4/project/Debug/project.elf
configparams force-mem-access 0
----------------End of Script----------------

15:57:34 INFO  : Context for processor 'ps7_cortexa9_0' is selected.
15:57:34 INFO  : 'con' command is executed.
15:57:34 INFO  : ----------------XSDB Script (After Launch)----------------
targets -set -nocase -filter {name =~ "*A9*#0"}
con
----------------End of Script----------------

15:57:34 INFO  : Launch script is exported to file 'C:\Travail\s4InfoAtelier4\project_system\_ide\scripts\debugger_project-default.tcl'
16:11:40 INFO  : Checking for BSP changes to sync application flags for project 'project'...
16:11:50 INFO  : Disconnected from the channel tcfchan#4.
16:11:51 INFO  : Connected to target on host '127.0.0.1' and port '3121'.
16:11:51 INFO  : Jtag cable 'Digilent Zybo Z7 210351A77B04A' is selected.
16:11:51 INFO  : 'jtag frequency' command is executed.
16:11:51 INFO  : Context for 'APU' is selected.
16:11:51 INFO  : System reset is completed.
16:11:54 INFO  : 'after 3000' command is executed.
16:11:54 INFO  : 'targets -set -filter {jtag_cable_name =~ "Digilent Zybo Z7 210351A77B04A" && level==0 && jtag_device_ctx=="jsn-Zybo Z7-210351A77B04A-13722093-0"}' command is executed.
16:11:55 INFO  : Device configured successfully with "C:/Travail/s4InfoAtelier4/project/_ide/bitstream/atelier4_wrapper.bit"
16:11:55 INFO  : Context for 'APU' is selected.
16:11:55 INFO  : Hardware design and registers information is loaded from 'C:/Travail/s4InfoAtelier4/atelier4_wrapper/export/atelier4_wrapper/hw/atelier4_wrapper.xsa'.
16:11:55 INFO  : 'configparams force-mem-access 1' command is executed.
16:11:55 INFO  : Context for 'APU' is selected.
16:11:55 INFO  : Sourcing of 'C:/Travail/s4InfoAtelier4/project/_ide/psinit/ps7_init.tcl' is done.
16:11:56 INFO  : 'ps7_init' command is executed.
16:11:56 INFO  : 'ps7_post_config' command is executed.
16:11:56 INFO  : Context for processor 'ps7_cortexa9_0' is selected.
16:11:56 INFO  : The application 'C:/Travail/s4InfoAtelier4/project/Debug/project.elf' is downloaded to processor 'ps7_cortexa9_0'.
16:11:56 INFO  : 'configparams force-mem-access 0' command is executed.
16:11:56 INFO  : ----------------XSDB Script----------------
connect -url tcp:127.0.0.1:3121
targets -set -nocase -filter {name =~"APU*"}
rst -system
after 3000
targets -set -filter {jtag_cable_name =~ "Digilent Zybo Z7 210351A77B04A" && level==0 && jtag_device_ctx=="jsn-Zybo Z7-210351A77B04A-13722093-0"}
fpga -file C:/Travail/s4InfoAtelier4/project/_ide/bitstream/atelier4_wrapper.bit
targets -set -nocase -filter {name =~"APU*"}
loadhw -hw C:/Travail/s4InfoAtelier4/atelier4_wrapper/export/atelier4_wrapper/hw/atelier4_wrapper.xsa -mem-ranges [list {0x40000000 0xbfffffff}] -regs
configparams force-mem-access 1
targets -set -nocase -filter {name =~"APU*"}
source C:/Travail/s4InfoAtelier4/project/_ide/psinit/ps7_init.tcl
ps7_init
ps7_post_config
targets -set -nocase -filter {name =~ "*A9*#0"}
dow C:/Travail/s4InfoAtelier4/project/Debug/project.elf
configparams force-mem-access 0
----------------End of Script----------------

16:11:56 INFO  : Context for processor 'ps7_cortexa9_0' is selected.
16:11:56 INFO  : 'con' command is executed.
16:11:56 INFO  : ----------------XSDB Script (After Launch)----------------
targets -set -nocase -filter {name =~ "*A9*#0"}
con
----------------End of Script----------------

16:11:56 INFO  : Launch script is exported to file 'C:\Travail\s4InfoAtelier4\project_system\_ide\scripts\debugger_project-default.tcl'
16:28:09 INFO  : Hardware specification for platform project 'atelier4_wrapper' is updated.
16:28:18 INFO  : Result from executing command 'getProjects': atelier4_wrapper
16:28:18 INFO  : Result from executing command 'getPlatforms': atelier4_wrapper|C:/Travail/s4InfoAtelier4/atelier4_wrapper/export/atelier4_wrapper/atelier4_wrapper.xpfm
16:28:29 INFO  : Checking for BSP changes to sync application flags for project 'project'...
16:29:26 INFO  : Connected to target on host '127.0.0.1' and port '3121'.
16:29:26 INFO  : 'targets -set -filter {jtag_cable_name =~ "Digilent Zybo Z7 210351A77B04A" && level==0 && jtag_device_ctx=="jsn-Zybo Z7-210351A77B04A-13722093-0"}' command is executed.
16:29:27 INFO  : Device configured successfully with "C:/Travail/s4InfoAtelier4/project/_ide/bitstream/atelier4_wrapper.bit"
16:29:51 INFO  : Disconnected from the channel tcfchan#5.
16:29:52 INFO  : The hardware specfication used by project 'project' is out of sync with the platform. Resource files extracted from the hardware specfiication will be updated.
16:29:52 INFO  : The file 'C:\Travail\s4InfoAtelier4\project\_ide\bitstream\atelier4_wrapper.bit' stored in project is removed.
16:29:52 INFO  : The updated bitstream files are copied from platform to folder 'C:\Travail\s4InfoAtelier4\project\_ide\bitstream' in project 'project'.
16:29:52 INFO  : The file 'C:\Travail\s4InfoAtelier4\project\_ide\psinit\ps7_init.tcl' stored in project is removed.
16:29:57 INFO  : The updated ps init files are copied from platform to folder 'C:\Travail\s4InfoAtelier4\project\_ide\psinit' in project 'project'.
16:29:57 INFO  : Connected to target on host '127.0.0.1' and port '3121'.
16:29:58 INFO  : Jtag cable 'Digilent Zybo Z7 210351A77B04A' is selected.
16:29:58 INFO  : 'jtag frequency' command is executed.
16:29:58 INFO  : Context for 'APU' is selected.
16:29:58 INFO  : System reset is completed.
16:30:01 INFO  : 'after 3000' command is executed.
16:30:01 INFO  : 'targets -set -filter {jtag_cable_name =~ "Digilent Zybo Z7 210351A77B04A" && level==0 && jtag_device_ctx=="jsn-Zybo Z7-210351A77B04A-13722093-0"}' command is executed.
16:30:02 INFO  : Device configured successfully with "C:/Travail/s4InfoAtelier4/project/_ide/bitstream/atelier4_wrapper.bit"
16:30:02 INFO  : Context for 'APU' is selected.
16:30:02 INFO  : Hardware design and registers information is loaded from 'C:/Travail/s4InfoAtelier4/atelier4_wrapper/export/atelier4_wrapper/hw/atelier4_wrapper.xsa'.
16:30:02 INFO  : 'configparams force-mem-access 1' command is executed.
16:30:02 INFO  : Context for 'APU' is selected.
16:30:02 INFO  : Sourcing of 'C:/Travail/s4InfoAtelier4/project/_ide/psinit/ps7_init.tcl' is done.
16:30:02 INFO  : 'ps7_init' command is executed.
16:30:02 INFO  : 'ps7_post_config' command is executed.
16:30:02 INFO  : Context for processor 'ps7_cortexa9_0' is selected.
16:30:03 INFO  : The application 'C:/Travail/s4InfoAtelier4/project/Debug/project.elf' is downloaded to processor 'ps7_cortexa9_0'.
16:30:03 INFO  : 'configparams force-mem-access 0' command is executed.
16:30:03 INFO  : ----------------XSDB Script----------------
connect -url tcp:127.0.0.1:3121
targets -set -nocase -filter {name =~"APU*"}
rst -system
after 3000
targets -set -filter {jtag_cable_name =~ "Digilent Zybo Z7 210351A77B04A" && level==0 && jtag_device_ctx=="jsn-Zybo Z7-210351A77B04A-13722093-0"}
fpga -file C:/Travail/s4InfoAtelier4/project/_ide/bitstream/atelier4_wrapper.bit
targets -set -nocase -filter {name =~"APU*"}
loadhw -hw C:/Travail/s4InfoAtelier4/atelier4_wrapper/export/atelier4_wrapper/hw/atelier4_wrapper.xsa -mem-ranges [list {0x40000000 0xbfffffff}] -regs
configparams force-mem-access 1
targets -set -nocase -filter {name =~"APU*"}
source C:/Travail/s4InfoAtelier4/project/_ide/psinit/ps7_init.tcl
ps7_init
ps7_post_config
targets -set -nocase -filter {name =~ "*A9*#0"}
dow C:/Travail/s4InfoAtelier4/project/Debug/project.elf
configparams force-mem-access 0
----------------End of Script----------------

16:30:03 INFO  : Context for processor 'ps7_cortexa9_0' is selected.
16:30:03 INFO  : 'con' command is executed.
16:30:03 INFO  : ----------------XSDB Script (After Launch)----------------
targets -set -nocase -filter {name =~ "*A9*#0"}
con
----------------End of Script----------------

16:30:03 INFO  : Launch script is exported to file 'C:\Travail\s4InfoAtelier4\project_system\_ide\scripts\debugger_project-default.tcl'
17:17:34 INFO  : Result from executing command 'getProjects': atelier4_wrapper
17:17:34 INFO  : Result from executing command 'getPlatforms': atelier4_wrapper|C:/Travail/s4InfoAtelier4/atelier4_wrapper/export/atelier4_wrapper/atelier4_wrapper.xpfm
17:17:39 INFO  : Checking for BSP changes to sync application flags for project 'project'...
17:17:46 INFO  : Disconnected from the channel tcfchan#7.
17:17:47 INFO  : Connected to target on host '127.0.0.1' and port '3121'.
17:17:47 INFO  : Jtag cable 'Digilent Zybo Z7 210351A77B04A' is selected.
17:17:47 INFO  : 'jtag frequency' command is executed.
17:17:47 INFO  : Context for 'APU' is selected.
17:17:47 INFO  : System reset is completed.
17:17:50 INFO  : 'after 3000' command is executed.
17:17:50 INFO  : 'targets -set -filter {jtag_cable_name =~ "Digilent Zybo Z7 210351A77B04A" && level==0 && jtag_device_ctx=="jsn-Zybo Z7-210351A77B04A-13722093-0"}' command is executed.
17:17:51 INFO  : Device configured successfully with "C:/Travail/s4InfoAtelier4/project/_ide/bitstream/atelier4_wrapper.bit"
17:17:51 INFO  : Context for 'APU' is selected.
17:17:51 INFO  : Hardware design and registers information is loaded from 'C:/Travail/s4InfoAtelier4/atelier4_wrapper/export/atelier4_wrapper/hw/atelier4_wrapper.xsa'.
17:17:51 INFO  : 'configparams force-mem-access 1' command is executed.
17:17:51 INFO  : Context for 'APU' is selected.
17:17:51 INFO  : Sourcing of 'C:/Travail/s4InfoAtelier4/project/_ide/psinit/ps7_init.tcl' is done.
17:17:52 INFO  : 'ps7_init' command is executed.
17:17:52 INFO  : 'ps7_post_config' command is executed.
17:17:52 INFO  : Context for processor 'ps7_cortexa9_0' is selected.
17:17:52 INFO  : The application 'C:/Travail/s4InfoAtelier4/project/Debug/project.elf' is downloaded to processor 'ps7_cortexa9_0'.
17:17:52 INFO  : 'configparams force-mem-access 0' command is executed.
17:17:52 INFO  : ----------------XSDB Script----------------
connect -url tcp:127.0.0.1:3121
targets -set -nocase -filter {name =~"APU*"}
rst -system
after 3000
targets -set -filter {jtag_cable_name =~ "Digilent Zybo Z7 210351A77B04A" && level==0 && jtag_device_ctx=="jsn-Zybo Z7-210351A77B04A-13722093-0"}
fpga -file C:/Travail/s4InfoAtelier4/project/_ide/bitstream/atelier4_wrapper.bit
targets -set -nocase -filter {name =~"APU*"}
loadhw -hw C:/Travail/s4InfoAtelier4/atelier4_wrapper/export/atelier4_wrapper/hw/atelier4_wrapper.xsa -mem-ranges [list {0x40000000 0xbfffffff}] -regs
configparams force-mem-access 1
targets -set -nocase -filter {name =~"APU*"}
source C:/Travail/s4InfoAtelier4/project/_ide/psinit/ps7_init.tcl
ps7_init
ps7_post_config
targets -set -nocase -filter {name =~ "*A9*#0"}
dow C:/Travail/s4InfoAtelier4/project/Debug/project.elf
configparams force-mem-access 0
----------------End of Script----------------

17:17:52 INFO  : Context for processor 'ps7_cortexa9_0' is selected.
17:17:52 INFO  : 'con' command is executed.
17:17:52 INFO  : ----------------XSDB Script (After Launch)----------------
targets -set -nocase -filter {name =~ "*A9*#0"}
con
----------------End of Script----------------

17:17:52 INFO  : Launch script is exported to file 'C:\Travail\s4InfoAtelier4\project_system\_ide\scripts\debugger_project-default.tcl'
17:19:02 INFO  : Hardware specification for platform project 'atelier4_wrapper' is updated.
17:19:10 INFO  : Result from executing command 'getProjects': atelier4_wrapper
17:19:10 INFO  : Result from executing command 'getPlatforms': atelier4_wrapper|C:/Travail/s4InfoAtelier4/atelier4_wrapper/export/atelier4_wrapper/atelier4_wrapper.xpfm
17:19:15 INFO  : Checking for BSP changes to sync application flags for project 'project'...
17:19:26 INFO  : The hardware specfication used by project 'project' is out of sync with the platform. Resource files extracted from the hardware specfiication will be updated.
17:19:26 INFO  : The file 'C:\Travail\s4InfoAtelier4\project\_ide\bitstream\atelier4_wrapper.bit' stored in project is removed.
17:19:26 INFO  : The updated bitstream files are copied from platform to folder 'C:\Travail\s4InfoAtelier4\project\_ide\bitstream' in project 'project'.
17:19:26 INFO  : The file 'C:\Travail\s4InfoAtelier4\project\_ide\psinit\ps7_init.tcl' stored in project is removed.
17:19:31 INFO  : The updated ps init files are copied from platform to folder 'C:\Travail\s4InfoAtelier4\project\_ide\psinit' in project 'project'.
17:19:37 INFO  : Connected to target on host '127.0.0.1' and port '3121'.
17:19:37 INFO  : 'targets -set -filter {jtag_cable_name =~ "Digilent Zybo Z7 210351A77B04A" && level==0 && jtag_device_ctx=="jsn-Zybo Z7-210351A77B04A-13722093-0"}' command is executed.
17:19:39 INFO  : Device configured successfully with "C:/Travail/s4InfoAtelier4/project/_ide/bitstream/atelier4_wrapper.bit"
17:19:48 INFO  : Disconnected from the channel tcfchan#10.
17:19:49 INFO  : Connected to target on host '127.0.0.1' and port '3121'.
17:19:50 INFO  : Jtag cable 'Digilent Zybo Z7 210351A77B04A' is selected.
17:19:50 INFO  : 'jtag frequency' command is executed.
17:19:50 INFO  : Context for 'APU' is selected.
17:19:50 INFO  : System reset is completed.
17:19:53 INFO  : 'after 3000' command is executed.
17:19:53 INFO  : 'targets -set -filter {jtag_cable_name =~ "Digilent Zybo Z7 210351A77B04A" && level==0 && jtag_device_ctx=="jsn-Zybo Z7-210351A77B04A-13722093-0"}' command is executed.
17:19:54 INFO  : Device configured successfully with "C:/Travail/s4InfoAtelier4/project/_ide/bitstream/atelier4_wrapper.bit"
17:19:54 INFO  : Context for 'APU' is selected.
17:19:54 INFO  : Hardware design and registers information is loaded from 'C:/Travail/s4InfoAtelier4/atelier4_wrapper/export/atelier4_wrapper/hw/atelier4_wrapper.xsa'.
17:19:54 INFO  : 'configparams force-mem-access 1' command is executed.
17:19:54 INFO  : Context for 'APU' is selected.
17:19:54 INFO  : Sourcing of 'C:/Travail/s4InfoAtelier4/project/_ide/psinit/ps7_init.tcl' is done.
17:19:54 INFO  : 'ps7_init' command is executed.
17:19:54 INFO  : 'ps7_post_config' command is executed.
17:19:54 INFO  : Context for processor 'ps7_cortexa9_0' is selected.
17:19:55 INFO  : The application 'C:/Travail/s4InfoAtelier4/project/Debug/project.elf' is downloaded to processor 'ps7_cortexa9_0'.
17:19:55 INFO  : 'configparams force-mem-access 0' command is executed.
17:19:55 INFO  : ----------------XSDB Script----------------
connect -url tcp:127.0.0.1:3121
targets -set -nocase -filter {name =~"APU*"}
rst -system
after 3000
targets -set -filter {jtag_cable_name =~ "Digilent Zybo Z7 210351A77B04A" && level==0 && jtag_device_ctx=="jsn-Zybo Z7-210351A77B04A-13722093-0"}
fpga -file C:/Travail/s4InfoAtelier4/project/_ide/bitstream/atelier4_wrapper.bit
targets -set -nocase -filter {name =~"APU*"}
loadhw -hw C:/Travail/s4InfoAtelier4/atelier4_wrapper/export/atelier4_wrapper/hw/atelier4_wrapper.xsa -mem-ranges [list {0x40000000 0xbfffffff}] -regs
configparams force-mem-access 1
targets -set -nocase -filter {name =~"APU*"}
source C:/Travail/s4InfoAtelier4/project/_ide/psinit/ps7_init.tcl
ps7_init
ps7_post_config
targets -set -nocase -filter {name =~ "*A9*#0"}
dow C:/Travail/s4InfoAtelier4/project/Debug/project.elf
configparams force-mem-access 0
----------------End of Script----------------

17:19:55 INFO  : Context for processor 'ps7_cortexa9_0' is selected.
17:19:55 INFO  : 'con' command is executed.
17:19:55 INFO  : ----------------XSDB Script (After Launch)----------------
targets -set -nocase -filter {name =~ "*A9*#0"}
con
----------------End of Script----------------

17:19:55 INFO  : Launch script is exported to file 'C:\Travail\s4InfoAtelier4\project_system\_ide\scripts\debugger_project-default.tcl'
17:48:04 INFO  : Checking for BSP changes to sync application flags for project 'project'...
17:48:12 INFO  : Disconnected from the channel tcfchan#12.
17:48:13 INFO  : Connected to target on host '127.0.0.1' and port '3121'.
17:48:13 INFO  : Jtag cable 'Digilent Zybo Z7 210351A77B04A' is selected.
17:48:13 INFO  : 'jtag frequency' command is executed.
17:48:13 INFO  : Context for 'APU' is selected.
17:48:13 INFO  : System reset is completed.
17:48:16 INFO  : 'after 3000' command is executed.
17:48:16 INFO  : 'targets -set -filter {jtag_cable_name =~ "Digilent Zybo Z7 210351A77B04A" && level==0 && jtag_device_ctx=="jsn-Zybo Z7-210351A77B04A-13722093-0"}' command is executed.
17:48:17 INFO  : Device configured successfully with "C:/Travail/s4InfoAtelier4/project/_ide/bitstream/atelier4_wrapper.bit"
17:48:18 INFO  : Context for 'APU' is selected.
17:48:18 INFO  : Hardware design and registers information is loaded from 'C:/Travail/s4InfoAtelier4/atelier4_wrapper/export/atelier4_wrapper/hw/atelier4_wrapper.xsa'.
17:48:18 INFO  : 'configparams force-mem-access 1' command is executed.
17:48:18 INFO  : Context for 'APU' is selected.
17:48:18 INFO  : Sourcing of 'C:/Travail/s4InfoAtelier4/project/_ide/psinit/ps7_init.tcl' is done.
17:48:18 INFO  : 'ps7_init' command is executed.
17:48:18 INFO  : 'ps7_post_config' command is executed.
17:48:18 INFO  : Context for processor 'ps7_cortexa9_0' is selected.
17:48:18 INFO  : The application 'C:/Travail/s4InfoAtelier4/project/Debug/project.elf' is downloaded to processor 'ps7_cortexa9_0'.
17:48:18 INFO  : 'configparams force-mem-access 0' command is executed.
17:48:18 INFO  : ----------------XSDB Script----------------
connect -url tcp:127.0.0.1:3121
targets -set -nocase -filter {name =~"APU*"}
rst -system
after 3000
targets -set -filter {jtag_cable_name =~ "Digilent Zybo Z7 210351A77B04A" && level==0 && jtag_device_ctx=="jsn-Zybo Z7-210351A77B04A-13722093-0"}
fpga -file C:/Travail/s4InfoAtelier4/project/_ide/bitstream/atelier4_wrapper.bit
targets -set -nocase -filter {name =~"APU*"}
loadhw -hw C:/Travail/s4InfoAtelier4/atelier4_wrapper/export/atelier4_wrapper/hw/atelier4_wrapper.xsa -mem-ranges [list {0x40000000 0xbfffffff}] -regs
configparams force-mem-access 1
targets -set -nocase -filter {name =~"APU*"}
source C:/Travail/s4InfoAtelier4/project/_ide/psinit/ps7_init.tcl
ps7_init
ps7_post_config
targets -set -nocase -filter {name =~ "*A9*#0"}
dow C:/Travail/s4InfoAtelier4/project/Debug/project.elf
configparams force-mem-access 0
----------------End of Script----------------

17:48:18 INFO  : Context for processor 'ps7_cortexa9_0' is selected.
17:48:18 INFO  : 'con' command is executed.
17:48:18 INFO  : ----------------XSDB Script (After Launch)----------------
targets -set -nocase -filter {name =~ "*A9*#0"}
con
----------------End of Script----------------

17:48:18 INFO  : Launch script is exported to file 'C:\Travail\s4InfoAtelier4\project_system\_ide\scripts\debugger_project-default.tcl'
21:16:57 INFO  : Disconnected from the channel tcfchan#13.
14:22:22 INFO  : Launching XSCT server: xsct.bat -n  -interactive C:\Travail\s4InfoAtelier4\temp_xsdb_launch_script.tcl
14:22:25 INFO  : XSCT server has started successfully.
14:22:25 INFO  : plnx-install-location is set to ''
14:22:25 INFO  : Successfully done setting XSCT server connection channel  
14:22:25 INFO  : Successfully done setting workspace for the tool. 
14:22:27 INFO  : Platform repository initialization has completed.
14:22:27 INFO  : Registering command handlers for Vitis TCF services
14:22:30 INFO  : Successfully done query RDI_DATADIR 
14:48:37 INFO  : Connected to target on host '127.0.0.1' and port '3121'.
14:48:37 INFO  : 'targets -set -filter {jtag_cable_name =~ "Digilent Zybo Z7 210351A77B04A" && level==0 && jtag_device_ctx=="jsn-Zybo Z7-210351A77B04A-13722093-0"}' command is executed.
14:48:39 INFO  : Device configured successfully with "C:/Travail/s4InfoAtelier4/project/_ide/bitstream/atelier4_wrapper.bit"
15:18:05 INFO  : Connected to target on host '127.0.0.1' and port '3121'.
15:18:05 INFO  : Jtag cable 'Digilent Zybo Z7 210351A77B04A' is selected.
15:18:05 INFO  : 'jtag frequency' command is executed.
15:18:05 INFO  : Context for 'APU' is selected.
15:18:05 INFO  : System reset is completed.
15:18:08 INFO  : 'after 3000' command is executed.
15:18:08 INFO  : 'targets -set -filter {jtag_cable_name =~ "Digilent Zybo Z7 210351A77B04A" && level==0 && jtag_device_ctx=="jsn-Zybo Z7-210351A77B04A-13722093-0"}' command is executed.
15:18:10 INFO  : Device configured successfully with "C:/Travail/s4InfoAtelier4/project/_ide/bitstream/atelier4_wrapper.bit"
15:18:10 INFO  : Context for 'APU' is selected.
15:18:10 INFO  : Hardware design and registers information is loaded from 'C:/Travail/s4InfoAtelier4/atelier4_wrapper/export/atelier4_wrapper/hw/atelier4_wrapper.xsa'.
15:18:10 INFO  : 'configparams force-mem-access 1' command is executed.
15:18:10 INFO  : Context for 'APU' is selected.
15:18:10 INFO  : Sourcing of 'C:/Travail/s4InfoAtelier4/project/_ide/psinit/ps7_init.tcl' is done.
15:18:10 INFO  : 'ps7_init' command is executed.
15:18:10 INFO  : 'ps7_post_config' command is executed.
15:18:10 INFO  : Context for processor 'ps7_cortexa9_0' is selected.
15:18:11 INFO  : The application 'C:/Travail/s4InfoAtelier4/project/Debug/project.elf' is downloaded to processor 'ps7_cortexa9_0'.
15:18:11 INFO  : 'configparams force-mem-access 0' command is executed.
15:18:11 INFO  : ----------------XSDB Script----------------
connect -url tcp:127.0.0.1:3121
targets -set -nocase -filter {name =~"APU*"}
rst -system
after 3000
targets -set -filter {jtag_cable_name =~ "Digilent Zybo Z7 210351A77B04A" && level==0 && jtag_device_ctx=="jsn-Zybo Z7-210351A77B04A-13722093-0"}
fpga -file C:/Travail/s4InfoAtelier4/project/_ide/bitstream/atelier4_wrapper.bit
targets -set -nocase -filter {name =~"APU*"}
loadhw -hw C:/Travail/s4InfoAtelier4/atelier4_wrapper/export/atelier4_wrapper/hw/atelier4_wrapper.xsa -mem-ranges [list {0x40000000 0xbfffffff}] -regs
configparams force-mem-access 1
targets -set -nocase -filter {name =~"APU*"}
source C:/Travail/s4InfoAtelier4/project/_ide/psinit/ps7_init.tcl
ps7_init
ps7_post_config
targets -set -nocase -filter {name =~ "*A9*#0"}
dow C:/Travail/s4InfoAtelier4/project/Debug/project.elf
configparams force-mem-access 0
----------------End of Script----------------

15:18:11 INFO  : Context for processor 'ps7_cortexa9_0' is selected.
15:18:11 INFO  : 'con' command is executed.
15:18:11 INFO  : ----------------XSDB Script (After Launch)----------------
targets -set -nocase -filter {name =~ "*A9*#0"}
con
----------------End of Script----------------

15:18:11 INFO  : Launch script is exported to file 'C:\Travail\s4InfoAtelier4\project_system\_ide\scripts\debugger_project-default.tcl'
20:59:02 INFO  : Disconnected from the channel tcfchan#1.
15:49:46 INFO  : Launching XSCT server: xsct.bat -n  -interactive C:\Travail\s4InfoAtelier4\temp_xsdb_launch_script.tcl
15:49:49 INFO  : XSCT server has started successfully.
15:49:49 INFO  : plnx-install-location is set to ''
15:49:49 INFO  : Successfully done setting XSCT server connection channel  
15:49:49 INFO  : Successfully done setting workspace for the tool. 
15:49:52 INFO  : Platform repository initialization has completed.
15:49:52 INFO  : Registering command handlers for Vitis TCF services
15:49:56 INFO  : Successfully done query RDI_DATADIR 
11:00:31 INFO  : Launching XSCT server: xsct.bat -n  -interactive C:\Travail\s4InfoAtelier4\temp_xsdb_launch_script.tcl
11:00:35 INFO  : XSCT server has started successfully.
11:00:35 INFO  : Successfully done setting XSCT server connection channel  
11:00:35 INFO  : plnx-install-location is set to ''
11:00:35 INFO  : Successfully done setting workspace for the tool. 
11:00:38 INFO  : Platform repository initialization has completed.
11:00:39 INFO  : Registering command handlers for Vitis TCF services
11:00:43 INFO  : Successfully done query RDI_DATADIR 
11:31:42 INFO  : Connected to target on host '127.0.0.1' and port '3121'.
11:31:43 INFO  : Jtag cable 'Digilent Zybo Z7 210351A77B04A' is selected.
11:31:43 INFO  : 'jtag frequency' command is executed.
11:31:43 INFO  : Context for 'APU' is selected.
11:31:43 INFO  : System reset is completed.
11:31:46 INFO  : 'after 3000' command is executed.
11:31:46 INFO  : 'targets -set -filter {jtag_cable_name =~ "Digilent Zybo Z7 210351A77B04A" && level==0 && jtag_device_ctx=="jsn-Zybo Z7-210351A77B04A-13722093-0"}' command is executed.
11:31:47 INFO  : Device configured successfully with "C:/Travail/s4InfoAtelier4/project/_ide/bitstream/atelier4_wrapper.bit"
11:31:47 INFO  : Context for 'APU' is selected.
11:31:48 INFO  : Hardware design and registers information is loaded from 'C:/Travail/s4InfoAtelier4/atelier4_wrapper/export/atelier4_wrapper/hw/atelier4_wrapper.xsa'.
11:31:48 INFO  : 'configparams force-mem-access 1' command is executed.
11:31:48 INFO  : Context for 'APU' is selected.
11:31:48 INFO  : Sourcing of 'C:/Travail/s4InfoAtelier4/project/_ide/psinit/ps7_init.tcl' is done.
11:31:48 INFO  : 'ps7_init' command is executed.
11:31:48 INFO  : 'ps7_post_config' command is executed.
11:31:48 INFO  : Context for processor 'ps7_cortexa9_0' is selected.
11:31:49 INFO  : The application 'C:/Travail/s4InfoAtelier4/project/Debug/project.elf' is downloaded to processor 'ps7_cortexa9_0'.
11:31:49 INFO  : 'configparams force-mem-access 0' command is executed.
11:31:49 INFO  : ----------------XSDB Script----------------
connect -url tcp:127.0.0.1:3121
targets -set -nocase -filter {name =~"APU*"}
rst -system
after 3000
targets -set -filter {jtag_cable_name =~ "Digilent Zybo Z7 210351A77B04A" && level==0 && jtag_device_ctx=="jsn-Zybo Z7-210351A77B04A-13722093-0"}
fpga -file C:/Travail/s4InfoAtelier4/project/_ide/bitstream/atelier4_wrapper.bit
targets -set -nocase -filter {name =~"APU*"}
loadhw -hw C:/Travail/s4InfoAtelier4/atelier4_wrapper/export/atelier4_wrapper/hw/atelier4_wrapper.xsa -mem-ranges [list {0x40000000 0xbfffffff}] -regs
configparams force-mem-access 1
targets -set -nocase -filter {name =~"APU*"}
source C:/Travail/s4InfoAtelier4/project/_ide/psinit/ps7_init.tcl
ps7_init
ps7_post_config
targets -set -nocase -filter {name =~ "*A9*#0"}
dow C:/Travail/s4InfoAtelier4/project/Debug/project.elf
configparams force-mem-access 0
----------------End of Script----------------

11:31:49 INFO  : Context for processor 'ps7_cortexa9_0' is selected.
11:31:49 INFO  : 'con' command is executed.
11:31:49 INFO  : ----------------XSDB Script (After Launch)----------------
targets -set -nocase -filter {name =~ "*A9*#0"}
con
----------------End of Script----------------

11:31:49 INFO  : Launch script is exported to file 'C:\Travail\s4InfoAtelier4\project_system\_ide\scripts\debugger_project-default.tcl'
11:34:49 INFO  : Disconnected from the channel tcfchan#1.
13:59:28 INFO  : Launching XSCT server: xsct.bat -n  -interactive C:\Travail\s4InfoAtelier4\temp_xsdb_launch_script.tcl
13:59:33 INFO  : XSCT server has started successfully.
13:59:33 INFO  : Successfully done setting XSCT server connection channel  
13:59:33 INFO  : plnx-install-location is set to ''
13:59:33 INFO  : Successfully done setting workspace for the tool. 
13:59:37 INFO  : Platform repository initialization has completed.
13:59:38 INFO  : Registering command handlers for Vitis TCF services
13:59:43 INFO  : Successfully done query RDI_DATADIR 
10:18:21 INFO  : Launching XSCT server: xsct.bat -n  -interactive C:\Travail\S4InfoAtelier4\temp_xsdb_launch_script.tcl
10:18:24 INFO  : XSCT server has started successfully.
10:18:24 INFO  : plnx-install-location is set to ''
10:18:24 INFO  : Successfully done setting XSCT server connection channel  
10:18:24 INFO  : Successfully done setting workspace for the tool. 
10:18:29 INFO  : Registering command handlers for Vitis TCF services
10:18:29 INFO  : Platform repository initialization has completed.
10:18:29 INFO  : Successfully done query RDI_DATADIR 
10:23:04 INFO  : Result from executing command 'getProjects': atelier4_wrapper
10:23:04 INFO  : Result from executing command 'getPlatforms': atelier4_wrapper|C:/Travail/s4InfoAtelier4/atelier4_wrapper/export/atelier4_wrapper/atelier4_wrapper.xpfm
10:23:05 INFO  : Checking for BSP changes to sync application flags for project 'project'...
10:24:07 INFO  : Connected to target on host '127.0.0.1' and port '3121'.
10:24:09 INFO  : Jtag cable 'Digilent Zybo Z7 210351A78095A' is selected.
10:24:09 INFO  : 'jtag frequency' command is executed.
10:24:09 INFO  : Context for 'APU' is selected.
10:24:09 INFO  : System reset is completed.
10:24:12 INFO  : 'after 3000' command is executed.
10:24:13 INFO  : 'targets -set -filter {jtag_cable_name =~ "Digilent Zybo Z7 210351A78095A" && level==0 && jtag_device_ctx=="jsn-Zybo Z7-210351A78095A-13722093-0"}' command is executed.
10:24:15 INFO  : Device configured successfully with "C:/Travail/S4InfoAtelier4/project/_ide/bitstream/atelier4_wrapper.bit"
10:24:15 INFO  : Context for 'APU' is selected.
10:24:15 INFO  : Hardware design and registers information is loaded from 'C:/Travail/S4InfoAtelier4/atelier4_wrapper/export/atelier4_wrapper/hw/atelier4_wrapper.xsa'.
10:24:15 INFO  : 'configparams force-mem-access 1' command is executed.
10:24:15 INFO  : Context for 'APU' is selected.
10:24:15 INFO  : Sourcing of 'C:/Travail/S4InfoAtelier4/project/_ide/psinit/ps7_init.tcl' is done.
10:24:17 INFO  : 'ps7_init' command is executed.
10:24:17 INFO  : 'ps7_post_config' command is executed.
10:24:17 INFO  : Context for processor 'ps7_cortexa9_0' is selected.
10:24:18 INFO  : The application 'C:/Travail/S4InfoAtelier4/project/Debug/project.elf' is downloaded to processor 'ps7_cortexa9_0'.
10:24:18 INFO  : 'configparams force-mem-access 0' command is executed.
10:24:18 INFO  : ----------------XSDB Script----------------
connect -url tcp:127.0.0.1:3121
targets -set -nocase -filter {name =~"APU*"}
rst -system
after 3000
targets -set -filter {jtag_cable_name =~ "Digilent Zybo Z7 210351A78095A" && level==0 && jtag_device_ctx=="jsn-Zybo Z7-210351A78095A-13722093-0"}
fpga -file C:/Travail/S4InfoAtelier4/project/_ide/bitstream/atelier4_wrapper.bit
targets -set -nocase -filter {name =~"APU*"}
loadhw -hw C:/Travail/S4InfoAtelier4/atelier4_wrapper/export/atelier4_wrapper/hw/atelier4_wrapper.xsa -mem-ranges [list {0x40000000 0xbfffffff}] -regs
configparams force-mem-access 1
targets -set -nocase -filter {name =~"APU*"}
source C:/Travail/S4InfoAtelier4/project/_ide/psinit/ps7_init.tcl
ps7_init
ps7_post_config
targets -set -nocase -filter {name =~ "*A9*#0"}
dow C:/Travail/S4InfoAtelier4/project/Debug/project.elf
configparams force-mem-access 0
----------------End of Script----------------

10:24:18 INFO  : Context for processor 'ps7_cortexa9_0' is selected.
10:24:19 INFO  : 'con' command is executed.
10:24:19 INFO  : ----------------XSDB Script (After Launch)----------------
targets -set -nocase -filter {name =~ "*A9*#0"}
con
----------------End of Script----------------

10:24:19 INFO  : Launch script is exported to file 'C:\Travail\S4InfoAtelier4\project_system\_ide\scripts\debugger_project-default.tcl'
15:35:33 INFO  : Disconnected from the channel tcfchan#3.
17:02:53 INFO  : Launching XSCT server: xsct.bat -n  -interactive C:\Travail\S4InfoAtelier4\temp_xsdb_launch_script.tcl
17:02:59 INFO  : XSCT server has started successfully.
17:02:59 INFO  : Successfully done setting XSCT server connection channel  
17:02:59 INFO  : plnx-install-location is set to ''
17:02:59 INFO  : Successfully done setting workspace for the tool. 
17:03:05 INFO  : Registering command handlers for Vitis TCF services
17:03:05 INFO  : Platform repository initialization has completed.
17:03:17 INFO  : Successfully done query RDI_DATADIR 
15:14:52 INFO  : Launching XSCT server: xsct.bat -n  -interactive C:\Travail\s4InfoAtelier4\temp_xsdb_launch_script.tcl
15:14:55 INFO  : XSCT server has started successfully.
15:14:55 INFO  : Successfully done setting XSCT server connection channel  
15:14:55 INFO  : plnx-install-location is set to ''
15:14:55 INFO  : Successfully done setting workspace for the tool. 
15:15:01 INFO  : Platform repository initialization has completed.
15:15:01 INFO  : Successfully done query RDI_DATADIR 
15:15:02 INFO  : Registering command handlers for Vitis TCF services
15:22:31 INFO  : Launching XSCT server: xsct.bat -n  -interactive C:\Travail\s4InfoAtelier4\temp_xsdb_launch_script.tcl
15:22:34 INFO  : XSCT server has started successfully.
15:22:34 INFO  : plnx-install-location is set to ''
15:22:34 INFO  : Successfully done setting XSCT server connection channel  
15:22:34 INFO  : Successfully done setting workspace for the tool. 
15:22:40 INFO  : Platform repository initialization has completed.
15:22:40 INFO  : Successfully done query RDI_DATADIR 
15:22:40 INFO  : Registering command handlers for Vitis TCF services
15:25:21 INFO  : Launching XSCT server: xsct.bat -n  -interactive C:\Travail\s4InfoAtelier4\temp_xsdb_launch_script.tcl
15:25:24 INFO  : XSCT server has started successfully.
15:25:24 INFO  : plnx-install-location is set to ''
15:25:24 INFO  : Successfully done setting XSCT server connection channel  
15:25:24 INFO  : Successfully done setting workspace for the tool. 
15:25:30 INFO  : Platform repository initialization has completed.
15:25:30 INFO  : Successfully done query RDI_DATADIR 
15:25:31 INFO  : Registering command handlers for Vitis TCF services
15:55:14 INFO  : Launching XSCT server: xsct.bat -n  -interactive C:\Travail\s4InfoAtelier4\temp_xsdb_launch_script.tcl
15:55:16 INFO  : XSCT server has started successfully.
15:55:16 INFO  : Successfully done setting XSCT server connection channel  
15:55:16 INFO  : plnx-install-location is set to ''
15:55:16 INFO  : Successfully done setting workspace for the tool. 
15:55:21 INFO  : Platform repository initialization has completed.
15:55:21 INFO  : Successfully done query RDI_DATADIR 
15:55:22 INFO  : Registering command handlers for Vitis TCF services
16:16:32 INFO  : Launching XSCT server: xsct.bat -n  -interactive C:\Travail\s4InfoAtelier4\temp_xsdb_launch_script.tcl
16:16:34 INFO  : XSCT server has started successfully.
16:16:34 INFO  : Successfully done setting XSCT server connection channel  
16:16:34 INFO  : plnx-install-location is set to ''
16:16:34 INFO  : Successfully done setting workspace for the tool. 
16:16:39 INFO  : Platform repository initialization has completed.
16:16:40 INFO  : Successfully done query RDI_DATADIR 
16:16:40 INFO  : Registering command handlers for Vitis TCF services
11:54:53 INFO  : Launching XSCT server: xsct.bat -n  -interactive C:\Travail\S4InfoAtelier4\temp_xsdb_launch_script.tcl
11:54:55 INFO  : Registering command handlers for Vitis TCF services
11:54:56 INFO  : XSCT server has started successfully.
11:54:58 INFO  : Platform repository initialization has completed.
11:55:04 INFO  : plnx-install-location is set to ''
11:55:04 INFO  : Successfully done setting XSCT server connection channel  
11:55:04 INFO  : Successfully done query RDI_DATADIR 
11:55:04 INFO  : Successfully done setting workspace for the tool. 
11:56:24 INFO  : Launching XSCT server: xsct.bat -n  -interactive C:\Travail\S4InfoAtelier4\temp_xsdb_launch_script.tcl
11:56:26 INFO  : Registering command handlers for Vitis TCF services
11:56:27 INFO  : XSCT server has started successfully.
11:56:27 INFO  : Successfully done setting XSCT server connection channel  
11:56:27 INFO  : plnx-install-location is set to ''
11:56:27 INFO  : Successfully done setting workspace for the tool. 
11:56:27 INFO  : Successfully done query RDI_DATADIR 
11:56:29 INFO  : Platform repository initialization has completed.
12:40:10 INFO  : Launching XSCT server: xsct.bat -n  -interactive C:\Travail\S4InfoAtelier4\temp_xsdb_launch_script.tcl
12:40:13 INFO  : Registering command handlers for Vitis TCF services
12:40:15 INFO  : XSCT server has started successfully.
12:40:15 INFO  : Successfully done setting XSCT server connection channel  
12:40:15 INFO  : plnx-install-location is set to ''
12:40:18 INFO  : Platform repository initialization has completed.
12:40:22 INFO  : Successfully done setting workspace for the tool. 
12:40:22 INFO  : Successfully done query RDI_DATADIR 
13:29:52 INFO  : Launching XSCT server: xsct.bat -n  -interactive C:\Travail\S4InfoAtelier4\temp_xsdb_launch_script.tcl
13:29:56 INFO  : XSCT server has started successfully.
13:29:57 INFO  : Registering command handlers for Vitis TCF services
13:29:59 INFO  : plnx-install-location is set to ''
13:29:59 INFO  : Successfully done setting XSCT server connection channel  
13:29:59 INFO  : Successfully done query RDI_DATADIR 
13:29:59 INFO  : Successfully done setting workspace for the tool. 
13:30:00 INFO  : Platform repository initialization has completed.
13:32:02 INFO  : Launching XSCT server: xsct.bat -n  -interactive C:\Travail\S4InfoAtelier4\temp_xsdb_launch_script.tcl
13:32:07 INFO  : Registering command handlers for Vitis TCF services
13:32:08 INFO  : XSCT server has started successfully.
13:32:11 INFO  : plnx-install-location is set to ''
13:32:11 INFO  : Successfully done setting XSCT server connection channel  
13:32:11 INFO  : Successfully done query RDI_DATADIR 
13:32:11 INFO  : Successfully done setting workspace for the tool. 
13:32:16 INFO  : Platform repository initialization has completed.
13:36:21 INFO  : Launching XSCT server: xsct.bat -n  -interactive C:\Travail\S4InfoAtelier4\temp_xsdb_launch_script.tcl
13:36:22 INFO  : Registering command handlers for Vitis TCF services
13:36:24 INFO  : XSCT server has started successfully.
13:36:24 INFO  : plnx-install-location is set to ''
13:36:24 INFO  : Successfully done setting XSCT server connection channel  
13:36:25 INFO  : Successfully done setting workspace for the tool. 
13:36:25 INFO  : Successfully done query RDI_DATADIR 
13:36:26 ERROR : Error encountered while initializing user repository paths
Reason: No Platforms Found.


13:36:26 INFO  : Platform repository initialization has completed.
13:37:25 INFO  : Platform 'atelier4_wrapper' is added to custom repositories.
20:00:24 INFO  : Launching XSCT server: xsct.bat -n  -interactive C:\Travail\S4InfoAtelier4\temp_xsdb_launch_script.tcl
20:00:32 INFO  : XSCT server has started successfully.
20:00:32 INFO  : Successfully done setting XSCT server connection channel  
20:00:32 INFO  : plnx-install-location is set to ''
20:00:32 INFO  : Successfully done setting workspace for the tool. 
20:09:17 INFO  : Launching XSCT server: xsct.bat -n  -interactive C:\Travail\S4InfoAtelier4\temp_xsdb_launch_script.tcl
20:09:21 INFO  : XSCT server has started successfully.
20:09:21 INFO  : plnx-install-location is set to ''
20:09:21 INFO  : Successfully done setting XSCT server connection channel  
20:09:21 INFO  : Successfully done setting workspace for the tool. 
20:09:23 INFO  : Registering command handlers for Vitis TCF services
20:09:23 INFO  : Platform repository initialization has completed.
20:09:31 INFO  : Successfully done query RDI_DATADIR 
20:11:37 INFO  : Connected to target on host '127.0.0.1' and port '3121'.
20:11:39 INFO  : Jtag cable 'Digilent Zybo Z7 210351A78095A' is selected.
20:11:39 INFO  : 'jtag frequency' command is executed.
20:11:39 INFO  : Context for 'APU' is selected.
20:11:39 INFO  : System reset is completed.
20:11:42 INFO  : 'after 3000' command is executed.
20:11:42 INFO  : 'targets -set -filter {jtag_cable_name =~ "Digilent Zybo Z7 210351A78095A" && level==0 && jtag_device_ctx=="jsn-Zybo Z7-210351A78095A-13722093-0"}' command is executed.
20:11:44 INFO  : Device configured successfully with "C:/Travail/S4InfoAtelier4/project/_ide/bitstream/atelier4_wrapper.bit"
20:11:44 INFO  : Context for 'APU' is selected.
20:11:45 INFO  : Hardware design and registers information is loaded from 'C:/Travail/S4InfoAtelier4/atelier4_wrapper/export/atelier4_wrapper/hw/atelier4_wrapper.xsa'.
20:11:45 INFO  : 'configparams force-mem-access 1' command is executed.
20:11:45 INFO  : Context for 'APU' is selected.
20:11:45 INFO  : Sourcing of 'C:/Travail/S4InfoAtelier4/project/_ide/psinit/ps7_init.tcl' is done.
20:11:46 INFO  : 'ps7_init' command is executed.
20:11:46 INFO  : 'ps7_post_config' command is executed.
20:11:47 INFO  : Context for processor 'ps7_cortexa9_0' is selected.
20:11:48 INFO  : The application 'C:/Travail/S4InfoAtelier4/project/Debug/project.elf' is downloaded to processor 'ps7_cortexa9_0'.
20:11:48 INFO  : 'configparams force-mem-access 0' command is executed.
20:11:48 INFO  : ----------------XSDB Script----------------
connect -url tcp:127.0.0.1:3121
targets -set -nocase -filter {name =~"APU*"}
rst -system
after 3000
targets -set -filter {jtag_cable_name =~ "Digilent Zybo Z7 210351A78095A" && level==0 && jtag_device_ctx=="jsn-Zybo Z7-210351A78095A-13722093-0"}
fpga -file C:/Travail/S4InfoAtelier4/project/_ide/bitstream/atelier4_wrapper.bit
targets -set -nocase -filter {name =~"APU*"}
loadhw -hw C:/Travail/S4InfoAtelier4/atelier4_wrapper/export/atelier4_wrapper/hw/atelier4_wrapper.xsa -mem-ranges [list {0x40000000 0xbfffffff}] -regs
configparams force-mem-access 1
targets -set -nocase -filter {name =~"APU*"}
source C:/Travail/S4InfoAtelier4/project/_ide/psinit/ps7_init.tcl
ps7_init
ps7_post_config
targets -set -nocase -filter {name =~ "*A9*#0"}
dow C:/Travail/S4InfoAtelier4/project/Debug/project.elf
configparams force-mem-access 0
----------------End of Script----------------

20:11:48 INFO  : Context for processor 'ps7_cortexa9_0' is selected.
20:11:48 INFO  : 'con' command is executed.
20:11:48 INFO  : ----------------XSDB Script (After Launch)----------------
targets -set -nocase -filter {name =~ "*A9*#0"}
con
----------------End of Script----------------

20:11:48 INFO  : Launch script is exported to file 'C:\Travail\S4InfoAtelier4\project_system\_ide\scripts\debugger_project-default.tcl'
09:00:31 INFO  : Disconnected from the channel tcfchan#1.
09:00:32 INFO  : Connected to target on host '127.0.0.1' and port '3121'.
09:00:32 INFO  : Jtag cable 'Digilent Zybo Z7 210351A78095A' is selected.
09:00:32 INFO  : 'jtag frequency' command is executed.
09:00:32 INFO  : Context for 'APU' is selected.
09:00:32 INFO  : System reset is completed.
09:00:35 INFO  : 'after 3000' command is executed.
09:00:35 INFO  : 'targets -set -filter {jtag_cable_name =~ "Digilent Zybo Z7 210351A78095A" && level==0 && jtag_device_ctx=="jsn-Zybo Z7-210351A78095A-13722093-0"}' command is executed.
09:00:37 INFO  : Device configured successfully with "C:/Travail/S4InfoAtelier4/project/_ide/bitstream/atelier4_wrapper.bit"
09:00:37 INFO  : Context for 'APU' is selected.
09:00:39 INFO  : Hardware design and registers information is loaded from 'C:/Travail/S4InfoAtelier4/atelier4_wrapper/export/atelier4_wrapper/hw/atelier4_wrapper.xsa'.
09:00:39 INFO  : 'configparams force-mem-access 1' command is executed.
09:00:39 INFO  : Context for 'APU' is selected.
09:00:39 INFO  : Sourcing of 'C:/Travail/S4InfoAtelier4/project/_ide/psinit/ps7_init.tcl' is done.
09:00:40 INFO  : 'ps7_init' command is executed.
09:00:40 INFO  : 'ps7_post_config' command is executed.
09:00:40 INFO  : Context for processor 'ps7_cortexa9_0' is selected.
09:00:40 INFO  : The application 'C:/Travail/S4InfoAtelier4/project/Debug/project.elf' is downloaded to processor 'ps7_cortexa9_0'.
09:00:41 INFO  : 'configparams force-mem-access 0' command is executed.
09:00:41 INFO  : ----------------XSDB Script----------------
connect -url tcp:127.0.0.1:3121
targets -set -nocase -filter {name =~"APU*"}
rst -system
after 3000
targets -set -filter {jtag_cable_name =~ "Digilent Zybo Z7 210351A78095A" && level==0 && jtag_device_ctx=="jsn-Zybo Z7-210351A78095A-13722093-0"}
fpga -file C:/Travail/S4InfoAtelier4/project/_ide/bitstream/atelier4_wrapper.bit
targets -set -nocase -filter {name =~"APU*"}
loadhw -hw C:/Travail/S4InfoAtelier4/atelier4_wrapper/export/atelier4_wrapper/hw/atelier4_wrapper.xsa -mem-ranges [list {0x40000000 0xbfffffff}] -regs
configparams force-mem-access 1
targets -set -nocase -filter {name =~"APU*"}
source C:/Travail/S4InfoAtelier4/project/_ide/psinit/ps7_init.tcl
ps7_init
ps7_post_config
targets -set -nocase -filter {name =~ "*A9*#0"}
dow C:/Travail/S4InfoAtelier4/project/Debug/project.elf
configparams force-mem-access 0
----------------End of Script----------------

09:00:41 INFO  : Context for processor 'ps7_cortexa9_0' is selected.
09:00:41 INFO  : 'con' command is executed.
09:00:41 INFO  : ----------------XSDB Script (After Launch)----------------
targets -set -nocase -filter {name =~ "*A9*#0"}
con
----------------End of Script----------------

09:00:41 INFO  : Launch script is exported to file 'C:\Travail\S4InfoAtelier4\project_system\_ide\scripts\debugger_project-default.tcl'
09:01:37 INFO  : Disconnected from the channel tcfchan#2.
09:01:38 INFO  : Connected to target on host '127.0.0.1' and port '3121'.
09:01:38 INFO  : Jtag cable 'Digilent Zybo Z7 210351A78095A' is selected.
09:01:38 INFO  : 'jtag frequency' command is executed.
09:01:38 INFO  : Context for 'APU' is selected.
09:01:38 INFO  : System reset is completed.
09:01:41 INFO  : 'after 3000' command is executed.
09:01:41 INFO  : 'targets -set -filter {jtag_cable_name =~ "Digilent Zybo Z7 210351A78095A" && level==0 && jtag_device_ctx=="jsn-Zybo Z7-210351A78095A-13722093-0"}' command is executed.
09:01:42 INFO  : Device configured successfully with "C:/Travail/S4InfoAtelier4/project/_ide/bitstream/atelier4_wrapper.bit"
09:01:43 INFO  : Context for 'APU' is selected.
09:01:44 INFO  : Hardware design and registers information is loaded from 'C:/Travail/S4InfoAtelier4/atelier4_wrapper/export/atelier4_wrapper/hw/atelier4_wrapper.xsa'.
09:01:44 INFO  : 'configparams force-mem-access 1' command is executed.
09:01:44 INFO  : Context for 'APU' is selected.
09:01:44 INFO  : Sourcing of 'C:/Travail/S4InfoAtelier4/project/_ide/psinit/ps7_init.tcl' is done.
09:01:44 INFO  : 'ps7_init' command is executed.
09:01:44 INFO  : 'ps7_post_config' command is executed.
09:01:44 INFO  : Context for processor 'ps7_cortexa9_0' is selected.
09:01:45 INFO  : The application 'C:/Travail/S4InfoAtelier4/project/Debug/project.elf' is downloaded to processor 'ps7_cortexa9_0'.
09:01:45 INFO  : 'configparams force-mem-access 0' command is executed.
09:01:45 INFO  : ----------------XSDB Script----------------
connect -url tcp:127.0.0.1:3121
targets -set -nocase -filter {name =~"APU*"}
rst -system
after 3000
targets -set -filter {jtag_cable_name =~ "Digilent Zybo Z7 210351A78095A" && level==0 && jtag_device_ctx=="jsn-Zybo Z7-210351A78095A-13722093-0"}
fpga -file C:/Travail/S4InfoAtelier4/project/_ide/bitstream/atelier4_wrapper.bit
targets -set -nocase -filter {name =~"APU*"}
loadhw -hw C:/Travail/S4InfoAtelier4/atelier4_wrapper/export/atelier4_wrapper/hw/atelier4_wrapper.xsa -mem-ranges [list {0x40000000 0xbfffffff}] -regs
configparams force-mem-access 1
targets -set -nocase -filter {name =~"APU*"}
source C:/Travail/S4InfoAtelier4/project/_ide/psinit/ps7_init.tcl
ps7_init
ps7_post_config
targets -set -nocase -filter {name =~ "*A9*#0"}
dow C:/Travail/S4InfoAtelier4/project/Debug/project.elf
configparams force-mem-access 0
----------------End of Script----------------

09:01:45 INFO  : Context for processor 'ps7_cortexa9_0' is selected.
09:01:45 INFO  : 'con' command is executed.
09:01:45 INFO  : ----------------XSDB Script (After Launch)----------------
targets -set -nocase -filter {name =~ "*A9*#0"}
con
----------------End of Script----------------

09:01:45 INFO  : Launch script is exported to file 'C:\Travail\S4InfoAtelier4\project_system\_ide\scripts\debugger_project-default.tcl'
09:25:02 INFO  : Disconnected from the channel tcfchan#3.
09:25:59 INFO  : Launching XSCT server: xsct.bat -n  -interactive C:\Travail\S4InfoAtelier4\temp_xsdb_launch_script.tcl
09:26:02 INFO  : XSCT server has started successfully.
09:26:02 INFO  : plnx-install-location is set to ''
09:26:02 INFO  : Successfully done setting XSCT server connection channel  
09:26:02 INFO  : Successfully done setting workspace for the tool. 
09:26:06 INFO  : Registering command handlers for Vitis TCF services
09:26:06 INFO  : Platform repository initialization has completed.
09:26:15 INFO  : Successfully done query RDI_DATADIR 
09:26:28 INFO  : Connected to target on host '127.0.0.1' and port '3121'.
09:26:28 INFO  : Jtag cable 'Digilent Zybo Z7 210351A78095A' is selected.
09:26:28 INFO  : 'jtag frequency' command is executed.
09:26:28 INFO  : Context for 'APU' is selected.
09:26:28 INFO  : System reset is completed.
09:26:31 INFO  : 'after 3000' command is executed.
09:26:31 INFO  : 'targets -set -filter {jtag_cable_name =~ "Digilent Zybo Z7 210351A78095A" && level==0 && jtag_device_ctx=="jsn-Zybo Z7-210351A78095A-13722093-0"}' command is executed.
09:26:32 INFO  : Device configured successfully with "C:/Travail/S4InfoAtelier4/project/_ide/bitstream/atelier4_wrapper.bit"
09:26:33 INFO  : Context for 'APU' is selected.
09:26:33 INFO  : Hardware design and registers information is loaded from 'C:/Travail/S4InfoAtelier4/atelier4_wrapper/export/atelier4_wrapper/hw/atelier4_wrapper.xsa'.
09:26:33 INFO  : 'configparams force-mem-access 1' command is executed.
09:26:33 INFO  : Context for 'APU' is selected.
09:26:33 INFO  : Sourcing of 'C:/Travail/S4InfoAtelier4/project/_ide/psinit/ps7_init.tcl' is done.
09:26:33 INFO  : 'ps7_init' command is executed.
09:26:33 INFO  : 'ps7_post_config' command is executed.
09:26:33 INFO  : Context for processor 'ps7_cortexa9_0' is selected.
09:26:34 INFO  : The application 'C:/Travail/S4InfoAtelier4/project/Debug/project.elf' is downloaded to processor 'ps7_cortexa9_0'.
09:26:34 INFO  : 'configparams force-mem-access 0' command is executed.
09:26:34 INFO  : ----------------XSDB Script----------------
connect -url tcp:127.0.0.1:3121
targets -set -nocase -filter {name =~"APU*"}
rst -system
after 3000
targets -set -filter {jtag_cable_name =~ "Digilent Zybo Z7 210351A78095A" && level==0 && jtag_device_ctx=="jsn-Zybo Z7-210351A78095A-13722093-0"}
fpga -file C:/Travail/S4InfoAtelier4/project/_ide/bitstream/atelier4_wrapper.bit
targets -set -nocase -filter {name =~"APU*"}
loadhw -hw C:/Travail/S4InfoAtelier4/atelier4_wrapper/export/atelier4_wrapper/hw/atelier4_wrapper.xsa -mem-ranges [list {0x40000000 0xbfffffff}] -regs
configparams force-mem-access 1
targets -set -nocase -filter {name =~"APU*"}
source C:/Travail/S4InfoAtelier4/project/_ide/psinit/ps7_init.tcl
ps7_init
ps7_post_config
targets -set -nocase -filter {name =~ "*A9*#0"}
dow C:/Travail/S4InfoAtelier4/project/Debug/project.elf
configparams force-mem-access 0
----------------End of Script----------------

09:26:34 INFO  : Context for processor 'ps7_cortexa9_0' is selected.
09:26:34 INFO  : 'con' command is executed.
09:26:34 INFO  : ----------------XSDB Script (After Launch)----------------
targets -set -nocase -filter {name =~ "*A9*#0"}
con
----------------End of Script----------------

09:26:34 INFO  : Launch script is exported to file 'C:\Travail\S4InfoAtelier4\project_system\_ide\scripts\debugger_project-default.tcl'
09:28:33 INFO  : Result from executing command 'getProjects': atelier4_wrapper
09:28:33 INFO  : Result from executing command 'getPlatforms': atelier4_wrapper|C:/Travail/S4InfoAtelier4/atelier4_wrapper/export/atelier4_wrapper/atelier4_wrapper.xpfm;atelier4_wrapper|C:/Travail/S4InfoAtelier4/atelier4_wrapper/export/atelier4_wrapper/atelier4_wrapper.xpfm
09:28:34 INFO  : Checking for BSP changes to sync application flags for project 'project'...
09:31:39 INFO  : Disconnected from the channel tcfchan#1.
09:54:37 INFO  : Launching XSCT server: xsct.bat -n  -interactive C:\Travail\S4InfoAtelier4\temp_xsdb_launch_script.tcl
09:54:42 INFO  : XSCT server has started successfully.
09:54:42 INFO  : plnx-install-location is set to ''
09:54:42 INFO  : Successfully done setting XSCT server connection channel  
09:54:42 INFO  : Successfully done setting workspace for the tool. 
09:54:44 INFO  : Registering command handlers for Vitis TCF services
09:54:44 INFO  : Platform repository initialization has completed.
09:54:53 INFO  : Successfully done query RDI_DATADIR 
09:56:06 INFO  : Result from executing command 'getProjects': atelier4_wrapper
09:56:06 INFO  : Result from executing command 'getPlatforms': atelier4_wrapper|C:/Travail/S4InfoAtelier4/atelier4_wrapper/export/atelier4_wrapper/atelier4_wrapper.xpfm;atelier4_wrapper|C:/Travail/S4InfoAtelier4/atelier4_wrapper/export/atelier4_wrapper/atelier4_wrapper.xpfm
09:56:07 INFO  : Checking for BSP changes to sync application flags for project 'project'...
09:57:22 INFO  : Connected to target on host '127.0.0.1' and port '3121'.
09:57:24 INFO  : Jtag cable 'Digilent Zybo Z7 210351A78095A' is selected.
09:57:24 INFO  : 'jtag frequency' command is executed.
09:57:25 INFO  : Context for 'APU' is selected.
09:57:25 INFO  : System reset is completed.
09:57:28 INFO  : 'after 3000' command is executed.
09:57:29 INFO  : 'targets -set -filter {jtag_cable_name =~ "Digilent Zybo Z7 210351A78095A" && level==0 && jtag_device_ctx=="jsn-Zybo Z7-210351A78095A-13722093-0"}' command is executed.
09:57:30 INFO  : Device configured successfully with "C:/Travail/S4InfoAtelier4/project/_ide/bitstream/atelier4_wrapper.bit"
09:57:31 INFO  : Context for 'APU' is selected.
09:57:31 INFO  : Hardware design and registers information is loaded from 'C:/Travail/S4InfoAtelier4/atelier4_wrapper/export/atelier4_wrapper/hw/atelier4_wrapper.xsa'.
09:57:31 INFO  : 'configparams force-mem-access 1' command is executed.
09:57:32 INFO  : Context for 'APU' is selected.
09:57:32 INFO  : Sourcing of 'C:/Travail/S4InfoAtelier4/project/_ide/psinit/ps7_init.tcl' is done.
09:57:32 INFO  : 'ps7_init' command is executed.
09:57:32 INFO  : 'ps7_post_config' command is executed.
09:57:33 INFO  : Context for processor 'ps7_cortexa9_0' is selected.
09:57:34 INFO  : The application 'C:/Travail/S4InfoAtelier4/project/Debug/project.elf' is downloaded to processor 'ps7_cortexa9_0'.
09:57:34 INFO  : 'configparams force-mem-access 0' command is executed.
09:57:34 INFO  : ----------------XSDB Script----------------
connect -url tcp:127.0.0.1:3121
targets -set -nocase -filter {name =~"APU*"}
rst -system
after 3000
targets -set -filter {jtag_cable_name =~ "Digilent Zybo Z7 210351A78095A" && level==0 && jtag_device_ctx=="jsn-Zybo Z7-210351A78095A-13722093-0"}
fpga -file C:/Travail/S4InfoAtelier4/project/_ide/bitstream/atelier4_wrapper.bit
targets -set -nocase -filter {name =~"APU*"}
loadhw -hw C:/Travail/S4InfoAtelier4/atelier4_wrapper/export/atelier4_wrapper/hw/atelier4_wrapper.xsa -mem-ranges [list {0x40000000 0xbfffffff}] -regs
configparams force-mem-access 1
targets -set -nocase -filter {name =~"APU*"}
source C:/Travail/S4InfoAtelier4/project/_ide/psinit/ps7_init.tcl
ps7_init
ps7_post_config
targets -set -nocase -filter {name =~ "*A9*#0"}
dow C:/Travail/S4InfoAtelier4/project/Debug/project.elf
configparams force-mem-access 0
----------------End of Script----------------

09:57:34 INFO  : Context for processor 'ps7_cortexa9_0' is selected.
09:57:34 INFO  : 'con' command is executed.
09:57:34 INFO  : ----------------XSDB Script (After Launch)----------------
targets -set -nocase -filter {name =~ "*A9*#0"}
con
----------------End of Script----------------

09:57:34 INFO  : Launch script is exported to file 'C:\Travail\S4InfoAtelier4\project_system\_ide\scripts\debugger_project-default.tcl'
10:06:24 INFO  : Disconnected from the channel tcfchan#2.
10:06:25 INFO  : Connected to target on host '127.0.0.1' and port '3121'.
10:06:25 INFO  : Jtag cable 'Digilent Zybo Z7 210351A78095A' is selected.
10:06:25 INFO  : 'jtag frequency' command is executed.
10:06:25 INFO  : Context for 'APU' is selected.
10:06:26 INFO  : System reset is completed.
10:06:29 INFO  : 'after 3000' command is executed.
10:06:29 INFO  : 'targets -set -filter {jtag_cable_name =~ "Digilent Zybo Z7 210351A78095A" && level==0 && jtag_device_ctx=="jsn-Zybo Z7-210351A78095A-13722093-0"}' command is executed.
10:06:30 INFO  : Device configured successfully with "C:/Travail/S4InfoAtelier4/project/_ide/bitstream/atelier4_wrapper.bit"
10:06:30 INFO  : Context for 'APU' is selected.
10:06:30 INFO  : Hardware design and registers information is loaded from 'C:/Travail/S4InfoAtelier4/atelier4_wrapper/export/atelier4_wrapper/hw/atelier4_wrapper.xsa'.
10:06:30 INFO  : 'configparams force-mem-access 1' command is executed.
10:06:30 INFO  : Context for 'APU' is selected.
10:06:30 INFO  : Sourcing of 'C:/Travail/S4InfoAtelier4/project/_ide/psinit/ps7_init.tcl' is done.
10:06:30 INFO  : 'ps7_init' command is executed.
10:06:30 INFO  : 'ps7_post_config' command is executed.
10:06:30 INFO  : Context for processor 'ps7_cortexa9_0' is selected.
10:06:31 INFO  : The application 'C:/Travail/S4InfoAtelier4/project/Debug/project.elf' is downloaded to processor 'ps7_cortexa9_0'.
10:06:31 INFO  : 'configparams force-mem-access 0' command is executed.
10:06:31 INFO  : ----------------XSDB Script----------------
connect -url tcp:127.0.0.1:3121
targets -set -nocase -filter {name =~"APU*"}
rst -system
after 3000
targets -set -filter {jtag_cable_name =~ "Digilent Zybo Z7 210351A78095A" && level==0 && jtag_device_ctx=="jsn-Zybo Z7-210351A78095A-13722093-0"}
fpga -file C:/Travail/S4InfoAtelier4/project/_ide/bitstream/atelier4_wrapper.bit
targets -set -nocase -filter {name =~"APU*"}
loadhw -hw C:/Travail/S4InfoAtelier4/atelier4_wrapper/export/atelier4_wrapper/hw/atelier4_wrapper.xsa -mem-ranges [list {0x40000000 0xbfffffff}] -regs
configparams force-mem-access 1
targets -set -nocase -filter {name =~"APU*"}
source C:/Travail/S4InfoAtelier4/project/_ide/psinit/ps7_init.tcl
ps7_init
ps7_post_config
targets -set -nocase -filter {name =~ "*A9*#0"}
dow C:/Travail/S4InfoAtelier4/project/Debug/project.elf
configparams force-mem-access 0
----------------End of Script----------------

10:06:31 INFO  : Context for processor 'ps7_cortexa9_0' is selected.
10:06:31 INFO  : 'con' command is executed.
10:06:31 INFO  : ----------------XSDB Script (After Launch)----------------
targets -set -nocase -filter {name =~ "*A9*#0"}
con
----------------End of Script----------------

10:06:31 INFO  : Launch script is exported to file 'C:\Travail\S4InfoAtelier4\project_system\_ide\scripts\debugger_project-default.tcl'
10:17:04 INFO  : Disconnected from the channel tcfchan#3.
10:17:21 INFO  : Launching XSCT server: xsct.bat -n  -interactive C:\Travail\S4InfoAtelier4\temp_xsdb_launch_script.tcl
10:17:23 INFO  : XSCT server has started successfully.
10:17:23 INFO  : plnx-install-location is set to ''
10:17:23 INFO  : Successfully done setting XSCT server connection channel  
10:17:24 INFO  : Successfully done setting workspace for the tool. 
10:17:31 INFO  : Platform repository initialization has completed.
10:17:31 INFO  : Registering command handlers for Vitis TCF services
10:17:31 INFO  : Successfully done query RDI_DATADIR 
10:17:50 INFO  : Connected to target on host '127.0.0.1' and port '3121'.
10:17:50 INFO  : Jtag cable 'Digilent Zybo Z7 210351A78095A' is selected.
10:17:50 INFO  : 'jtag frequency' command is executed.
10:17:50 INFO  : Context for 'APU' is selected.
10:17:50 INFO  : System reset is completed.
10:17:53 INFO  : 'after 3000' command is executed.
10:17:53 INFO  : 'targets -set -filter {jtag_cable_name =~ "Digilent Zybo Z7 210351A78095A" && level==0 && jtag_device_ctx=="jsn-Zybo Z7-210351A78095A-13722093-0"}' command is executed.
10:17:54 INFO  : Device configured successfully with "C:/Travail/S4InfoAtelier4/project/_ide/bitstream/atelier4_wrapper.bit"
10:17:54 INFO  : Context for 'APU' is selected.
10:17:54 INFO  : Hardware design and registers information is loaded from 'C:/Travail/S4InfoAtelier4/atelier4_wrapper/export/atelier4_wrapper/hw/atelier4_wrapper.xsa'.
10:17:54 INFO  : 'configparams force-mem-access 1' command is executed.
10:17:54 INFO  : Context for 'APU' is selected.
10:17:54 INFO  : Sourcing of 'C:/Travail/S4InfoAtelier4/project/_ide/psinit/ps7_init.tcl' is done.
10:17:55 INFO  : 'ps7_init' command is executed.
10:17:55 INFO  : 'ps7_post_config' command is executed.
10:17:55 INFO  : Context for processor 'ps7_cortexa9_0' is selected.
10:17:56 INFO  : The application 'C:/Travail/S4InfoAtelier4/project/Debug/project.elf' is downloaded to processor 'ps7_cortexa9_0'.
10:17:56 INFO  : 'configparams force-mem-access 0' command is executed.
10:17:56 INFO  : ----------------XSDB Script----------------
connect -url tcp:127.0.0.1:3121
targets -set -nocase -filter {name =~"APU*"}
rst -system
after 3000
targets -set -filter {jtag_cable_name =~ "Digilent Zybo Z7 210351A78095A" && level==0 && jtag_device_ctx=="jsn-Zybo Z7-210351A78095A-13722093-0"}
fpga -file C:/Travail/S4InfoAtelier4/project/_ide/bitstream/atelier4_wrapper.bit
targets -set -nocase -filter {name =~"APU*"}
loadhw -hw C:/Travail/S4InfoAtelier4/atelier4_wrapper/export/atelier4_wrapper/hw/atelier4_wrapper.xsa -mem-ranges [list {0x40000000 0xbfffffff}] -regs
configparams force-mem-access 1
targets -set -nocase -filter {name =~"APU*"}
source C:/Travail/S4InfoAtelier4/project/_ide/psinit/ps7_init.tcl
ps7_init
ps7_post_config
targets -set -nocase -filter {name =~ "*A9*#0"}
dow C:/Travail/S4InfoAtelier4/project/Debug/project.elf
configparams force-mem-access 0
----------------End of Script----------------

10:17:56 INFO  : Context for processor 'ps7_cortexa9_0' is selected.
10:17:56 INFO  : 'con' command is executed.
10:17:56 INFO  : ----------------XSDB Script (After Launch)----------------
targets -set -nocase -filter {name =~ "*A9*#0"}
con
----------------End of Script----------------

10:17:56 INFO  : Launch script is exported to file 'C:\Travail\S4InfoAtelier4\project_system\_ide\scripts\debugger_project-default.tcl'
10:28:50 INFO  : Disconnected from the channel tcfchan#1.
10:28:51 INFO  : Connected to target on host '127.0.0.1' and port '3121'.
10:28:51 INFO  : Jtag cable 'Digilent Zybo Z7 210351A78095A' is selected.
10:28:51 INFO  : 'jtag frequency' command is executed.
10:28:51 INFO  : Context for 'APU' is selected.
10:28:51 INFO  : System reset is completed.
10:28:54 INFO  : 'after 3000' command is executed.
10:28:54 INFO  : 'targets -set -filter {jtag_cable_name =~ "Digilent Zybo Z7 210351A78095A" && level==0 && jtag_device_ctx=="jsn-Zybo Z7-210351A78095A-13722093-0"}' command is executed.
10:28:56 INFO  : Device configured successfully with "C:/Travail/S4InfoAtelier4/project/_ide/bitstream/atelier4_wrapper.bit"
10:28:56 INFO  : Context for 'APU' is selected.
10:28:57 INFO  : Hardware design and registers information is loaded from 'C:/Travail/S4InfoAtelier4/atelier4_wrapper/export/atelier4_wrapper/hw/atelier4_wrapper.xsa'.
10:28:57 INFO  : 'configparams force-mem-access 1' command is executed.
10:28:57 INFO  : Context for 'APU' is selected.
10:28:57 INFO  : Sourcing of 'C:/Travail/S4InfoAtelier4/project/_ide/psinit/ps7_init.tcl' is done.
10:28:58 INFO  : 'ps7_init' command is executed.
10:28:58 INFO  : 'ps7_post_config' command is executed.
10:28:58 INFO  : Context for processor 'ps7_cortexa9_0' is selected.
10:28:58 INFO  : The application 'C:/Travail/S4InfoAtelier4/project/Debug/project.elf' is downloaded to processor 'ps7_cortexa9_0'.
10:28:58 INFO  : 'configparams force-mem-access 0' command is executed.
10:28:58 INFO  : ----------------XSDB Script----------------
connect -url tcp:127.0.0.1:3121
targets -set -nocase -filter {name =~"APU*"}
rst -system
after 3000
targets -set -filter {jtag_cable_name =~ "Digilent Zybo Z7 210351A78095A" && level==0 && jtag_device_ctx=="jsn-Zybo Z7-210351A78095A-13722093-0"}
fpga -file C:/Travail/S4InfoAtelier4/project/_ide/bitstream/atelier4_wrapper.bit
targets -set -nocase -filter {name =~"APU*"}
loadhw -hw C:/Travail/S4InfoAtelier4/atelier4_wrapper/export/atelier4_wrapper/hw/atelier4_wrapper.xsa -mem-ranges [list {0x40000000 0xbfffffff}] -regs
configparams force-mem-access 1
targets -set -nocase -filter {name =~"APU*"}
source C:/Travail/S4InfoAtelier4/project/_ide/psinit/ps7_init.tcl
ps7_init
ps7_post_config
targets -set -nocase -filter {name =~ "*A9*#0"}
dow C:/Travail/S4InfoAtelier4/project/Debug/project.elf
configparams force-mem-access 0
----------------End of Script----------------

10:28:58 INFO  : Context for processor 'ps7_cortexa9_0' is selected.
10:28:58 INFO  : 'con' command is executed.
10:28:58 INFO  : ----------------XSDB Script (After Launch)----------------
targets -set -nocase -filter {name =~ "*A9*#0"}
con
----------------End of Script----------------

10:28:58 INFO  : Launch script is exported to file 'C:\Travail\S4InfoAtelier4\project_system\_ide\scripts\debugger_project-default.tcl'
10:29:39 INFO  : Checking for BSP changes to sync application flags for project 'project'...
10:29:58 INFO  : Checking for BSP changes to sync application flags for project 'project'...
10:30:02 INFO  : Disconnected from the channel tcfchan#2.
10:30:03 INFO  : Connected to target on host '127.0.0.1' and port '3121'.
10:30:03 INFO  : Jtag cable 'Digilent Zybo Z7 210351A78095A' is selected.
10:30:03 INFO  : 'jtag frequency' command is executed.
10:30:03 INFO  : Context for 'APU' is selected.
10:30:03 INFO  : System reset is completed.
10:30:06 INFO  : 'after 3000' command is executed.
10:30:06 INFO  : 'targets -set -filter {jtag_cable_name =~ "Digilent Zybo Z7 210351A78095A" && level==0 && jtag_device_ctx=="jsn-Zybo Z7-210351A78095A-13722093-0"}' command is executed.
10:30:08 INFO  : Device configured successfully with "C:/Travail/S4InfoAtelier4/project/_ide/bitstream/atelier4_wrapper.bit"
10:30:08 INFO  : Context for 'APU' is selected.
10:30:09 INFO  : Hardware design and registers information is loaded from 'C:/Travail/S4InfoAtelier4/atelier4_wrapper/export/atelier4_wrapper/hw/atelier4_wrapper.xsa'.
10:30:09 INFO  : 'configparams force-mem-access 1' command is executed.
10:30:09 INFO  : Context for 'APU' is selected.
10:30:09 INFO  : Sourcing of 'C:/Travail/S4InfoAtelier4/project/_ide/psinit/ps7_init.tcl' is done.
10:30:10 INFO  : 'ps7_init' command is executed.
10:30:10 INFO  : 'ps7_post_config' command is executed.
10:30:10 INFO  : Context for processor 'ps7_cortexa9_0' is selected.
10:30:10 INFO  : The application 'C:/Travail/S4InfoAtelier4/project/Debug/project.elf' is downloaded to processor 'ps7_cortexa9_0'.
10:30:10 INFO  : 'configparams force-mem-access 0' command is executed.
10:30:10 INFO  : ----------------XSDB Script----------------
connect -url tcp:127.0.0.1:3121
targets -set -nocase -filter {name =~"APU*"}
rst -system
after 3000
targets -set -filter {jtag_cable_name =~ "Digilent Zybo Z7 210351A78095A" && level==0 && jtag_device_ctx=="jsn-Zybo Z7-210351A78095A-13722093-0"}
fpga -file C:/Travail/S4InfoAtelier4/project/_ide/bitstream/atelier4_wrapper.bit
targets -set -nocase -filter {name =~"APU*"}
loadhw -hw C:/Travail/S4InfoAtelier4/atelier4_wrapper/export/atelier4_wrapper/hw/atelier4_wrapper.xsa -mem-ranges [list {0x40000000 0xbfffffff}] -regs
configparams force-mem-access 1
targets -set -nocase -filter {name =~"APU*"}
source C:/Travail/S4InfoAtelier4/project/_ide/psinit/ps7_init.tcl
ps7_init
ps7_post_config
targets -set -nocase -filter {name =~ "*A9*#0"}
dow C:/Travail/S4InfoAtelier4/project/Debug/project.elf
configparams force-mem-access 0
----------------End of Script----------------

10:30:10 INFO  : Context for processor 'ps7_cortexa9_0' is selected.
10:30:10 INFO  : 'con' command is executed.
10:30:10 INFO  : ----------------XSDB Script (After Launch)----------------
targets -set -nocase -filter {name =~ "*A9*#0"}
con
----------------End of Script----------------

10:30:10 INFO  : Launch script is exported to file 'C:\Travail\S4InfoAtelier4\project_system\_ide\scripts\debugger_project-default.tcl'
10:30:42 INFO  : Checking for BSP changes to sync application flags for project 'project'...
10:30:48 INFO  : Disconnected from the channel tcfchan#3.
10:30:49 INFO  : Connected to target on host '127.0.0.1' and port '3121'.
10:30:50 INFO  : Jtag cable 'Digilent Zybo Z7 210351A78095A' is selected.
10:30:50 INFO  : 'jtag frequency' command is executed.
10:30:50 INFO  : Context for 'APU' is selected.
10:30:50 INFO  : System reset is completed.
10:30:53 INFO  : 'after 3000' command is executed.
10:30:53 INFO  : 'targets -set -filter {jtag_cable_name =~ "Digilent Zybo Z7 210351A78095A" && level==0 && jtag_device_ctx=="jsn-Zybo Z7-210351A78095A-13722093-0"}' command is executed.
10:30:54 INFO  : Device configured successfully with "C:/Travail/S4InfoAtelier4/project/_ide/bitstream/atelier4_wrapper.bit"
10:30:54 INFO  : Context for 'APU' is selected.
10:30:55 INFO  : Hardware design and registers information is loaded from 'C:/Travail/S4InfoAtelier4/atelier4_wrapper/export/atelier4_wrapper/hw/atelier4_wrapper.xsa'.
10:30:55 INFO  : 'configparams force-mem-access 1' command is executed.
10:30:55 INFO  : Context for 'APU' is selected.
10:30:55 INFO  : Sourcing of 'C:/Travail/S4InfoAtelier4/project/_ide/psinit/ps7_init.tcl' is done.
10:30:56 INFO  : 'ps7_init' command is executed.
10:30:56 INFO  : 'ps7_post_config' command is executed.
10:30:56 INFO  : Context for processor 'ps7_cortexa9_0' is selected.
10:30:56 INFO  : The application 'C:/Travail/S4InfoAtelier4/project/Debug/project.elf' is downloaded to processor 'ps7_cortexa9_0'.
10:30:57 INFO  : 'configparams force-mem-access 0' command is executed.
10:30:57 INFO  : ----------------XSDB Script----------------
connect -url tcp:127.0.0.1:3121
targets -set -nocase -filter {name =~"APU*"}
rst -system
after 3000
targets -set -filter {jtag_cable_name =~ "Digilent Zybo Z7 210351A78095A" && level==0 && jtag_device_ctx=="jsn-Zybo Z7-210351A78095A-13722093-0"}
fpga -file C:/Travail/S4InfoAtelier4/project/_ide/bitstream/atelier4_wrapper.bit
targets -set -nocase -filter {name =~"APU*"}
loadhw -hw C:/Travail/S4InfoAtelier4/atelier4_wrapper/export/atelier4_wrapper/hw/atelier4_wrapper.xsa -mem-ranges [list {0x40000000 0xbfffffff}] -regs
configparams force-mem-access 1
targets -set -nocase -filter {name =~"APU*"}
source C:/Travail/S4InfoAtelier4/project/_ide/psinit/ps7_init.tcl
ps7_init
ps7_post_config
targets -set -nocase -filter {name =~ "*A9*#0"}
dow C:/Travail/S4InfoAtelier4/project/Debug/project.elf
configparams force-mem-access 0
----------------End of Script----------------

10:30:57 INFO  : Context for processor 'ps7_cortexa9_0' is selected.
10:30:57 INFO  : 'con' command is executed.
10:30:57 INFO  : ----------------XSDB Script (After Launch)----------------
targets -set -nocase -filter {name =~ "*A9*#0"}
con
----------------End of Script----------------

10:30:57 INFO  : Launch script is exported to file 'C:\Travail\S4InfoAtelier4\project_system\_ide\scripts\debugger_project-default.tcl'
10:39:48 INFO  : Checking for BSP changes to sync application flags for project 'project'...
10:39:54 INFO  : Disconnected from the channel tcfchan#4.
10:39:55 INFO  : Connected to target on host '127.0.0.1' and port '3121'.
10:39:55 INFO  : Jtag cable 'Digilent Zybo Z7 210351A78095A' is selected.
10:39:55 INFO  : 'jtag frequency' command is executed.
10:39:55 INFO  : Context for 'APU' is selected.
10:39:56 INFO  : System reset is completed.
10:39:59 INFO  : 'after 3000' command is executed.
10:39:59 INFO  : 'targets -set -filter {jtag_cable_name =~ "Digilent Zybo Z7 210351A78095A" && level==0 && jtag_device_ctx=="jsn-Zybo Z7-210351A78095A-13722093-0"}' command is executed.
10:40:00 INFO  : Device configured successfully with "C:/Travail/S4InfoAtelier4/project/_ide/bitstream/atelier4_wrapper.bit"
10:40:00 INFO  : Context for 'APU' is selected.
10:40:02 INFO  : Hardware design and registers information is loaded from 'C:/Travail/S4InfoAtelier4/atelier4_wrapper/export/atelier4_wrapper/hw/atelier4_wrapper.xsa'.
10:40:02 INFO  : 'configparams force-mem-access 1' command is executed.
10:40:02 INFO  : Context for 'APU' is selected.
10:40:02 INFO  : Sourcing of 'C:/Travail/S4InfoAtelier4/project/_ide/psinit/ps7_init.tcl' is done.
10:40:02 INFO  : 'ps7_init' command is executed.
10:40:02 INFO  : 'ps7_post_config' command is executed.
10:40:02 INFO  : Context for processor 'ps7_cortexa9_0' is selected.
10:40:03 INFO  : The application 'C:/Travail/S4InfoAtelier4/project/Debug/project.elf' is downloaded to processor 'ps7_cortexa9_0'.
10:40:03 INFO  : 'configparams force-mem-access 0' command is executed.
10:40:03 INFO  : ----------------XSDB Script----------------
connect -url tcp:127.0.0.1:3121
targets -set -nocase -filter {name =~"APU*"}
rst -system
after 3000
targets -set -filter {jtag_cable_name =~ "Digilent Zybo Z7 210351A78095A" && level==0 && jtag_device_ctx=="jsn-Zybo Z7-210351A78095A-13722093-0"}
fpga -file C:/Travail/S4InfoAtelier4/project/_ide/bitstream/atelier4_wrapper.bit
targets -set -nocase -filter {name =~"APU*"}
loadhw -hw C:/Travail/S4InfoAtelier4/atelier4_wrapper/export/atelier4_wrapper/hw/atelier4_wrapper.xsa -mem-ranges [list {0x40000000 0xbfffffff}] -regs
configparams force-mem-access 1
targets -set -nocase -filter {name =~"APU*"}
source C:/Travail/S4InfoAtelier4/project/_ide/psinit/ps7_init.tcl
ps7_init
ps7_post_config
targets -set -nocase -filter {name =~ "*A9*#0"}
dow C:/Travail/S4InfoAtelier4/project/Debug/project.elf
configparams force-mem-access 0
----------------End of Script----------------

10:40:03 INFO  : Context for processor 'ps7_cortexa9_0' is selected.
10:40:03 INFO  : 'con' command is executed.
10:40:03 INFO  : ----------------XSDB Script (After Launch)----------------
targets -set -nocase -filter {name =~ "*A9*#0"}
con
----------------End of Script----------------

10:40:03 INFO  : Launch script is exported to file 'C:\Travail\S4InfoAtelier4\project_system\_ide\scripts\debugger_project-default.tcl'
10:41:05 INFO  : Checking for BSP changes to sync application flags for project 'project'...
10:41:10 INFO  : Disconnected from the channel tcfchan#5.
10:41:11 INFO  : Connected to target on host '127.0.0.1' and port '3121'.
10:41:11 INFO  : Jtag cable 'Digilent Zybo Z7 210351A78095A' is selected.
10:41:11 INFO  : 'jtag frequency' command is executed.
10:41:11 INFO  : Context for 'APU' is selected.
10:41:11 INFO  : System reset is completed.
10:41:14 INFO  : 'after 3000' command is executed.
10:41:14 INFO  : 'targets -set -filter {jtag_cable_name =~ "Digilent Zybo Z7 210351A78095A" && level==0 && jtag_device_ctx=="jsn-Zybo Z7-210351A78095A-13722093-0"}' command is executed.
10:41:15 INFO  : Device configured successfully with "C:/Travail/S4InfoAtelier4/project/_ide/bitstream/atelier4_wrapper.bit"
10:41:15 INFO  : Context for 'APU' is selected.
10:41:17 INFO  : Hardware design and registers information is loaded from 'C:/Travail/S4InfoAtelier4/atelier4_wrapper/export/atelier4_wrapper/hw/atelier4_wrapper.xsa'.
10:41:17 INFO  : 'configparams force-mem-access 1' command is executed.
10:41:17 INFO  : Context for 'APU' is selected.
10:41:17 INFO  : Sourcing of 'C:/Travail/S4InfoAtelier4/project/_ide/psinit/ps7_init.tcl' is done.
10:41:17 INFO  : 'ps7_init' command is executed.
10:41:17 INFO  : 'ps7_post_config' command is executed.
10:41:17 INFO  : Context for processor 'ps7_cortexa9_0' is selected.
10:41:18 INFO  : The application 'C:/Travail/S4InfoAtelier4/project/Debug/project.elf' is downloaded to processor 'ps7_cortexa9_0'.
10:41:18 INFO  : 'configparams force-mem-access 0' command is executed.
10:41:18 INFO  : ----------------XSDB Script----------------
connect -url tcp:127.0.0.1:3121
targets -set -nocase -filter {name =~"APU*"}
rst -system
after 3000
targets -set -filter {jtag_cable_name =~ "Digilent Zybo Z7 210351A78095A" && level==0 && jtag_device_ctx=="jsn-Zybo Z7-210351A78095A-13722093-0"}
fpga -file C:/Travail/S4InfoAtelier4/project/_ide/bitstream/atelier4_wrapper.bit
targets -set -nocase -filter {name =~"APU*"}
loadhw -hw C:/Travail/S4InfoAtelier4/atelier4_wrapper/export/atelier4_wrapper/hw/atelier4_wrapper.xsa -mem-ranges [list {0x40000000 0xbfffffff}] -regs
configparams force-mem-access 1
targets -set -nocase -filter {name =~"APU*"}
source C:/Travail/S4InfoAtelier4/project/_ide/psinit/ps7_init.tcl
ps7_init
ps7_post_config
targets -set -nocase -filter {name =~ "*A9*#0"}
dow C:/Travail/S4InfoAtelier4/project/Debug/project.elf
configparams force-mem-access 0
----------------End of Script----------------

10:41:18 INFO  : Context for processor 'ps7_cortexa9_0' is selected.
10:41:18 INFO  : 'con' command is executed.
10:41:18 INFO  : ----------------XSDB Script (After Launch)----------------
targets -set -nocase -filter {name =~ "*A9*#0"}
con
----------------End of Script----------------

10:41:18 INFO  : Launch script is exported to file 'C:\Travail\S4InfoAtelier4\project_system\_ide\scripts\debugger_project-default.tcl'
10:41:37 INFO  : Checking for BSP changes to sync application flags for project 'project'...
10:41:42 INFO  : Disconnected from the channel tcfchan#6.
10:41:43 INFO  : Connected to target on host '127.0.0.1' and port '3121'.
10:41:43 INFO  : Jtag cable 'Digilent Zybo Z7 210351A78095A' is selected.
10:41:43 INFO  : 'jtag frequency' command is executed.
10:41:43 INFO  : Context for 'APU' is selected.
10:41:43 INFO  : System reset is completed.
10:41:46 INFO  : 'after 3000' command is executed.
10:41:46 INFO  : 'targets -set -filter {jtag_cable_name =~ "Digilent Zybo Z7 210351A78095A" && level==0 && jtag_device_ctx=="jsn-Zybo Z7-210351A78095A-13722093-0"}' command is executed.
10:41:47 INFO  : Device configured successfully with "C:/Travail/S4InfoAtelier4/project/_ide/bitstream/atelier4_wrapper.bit"
10:41:47 INFO  : Context for 'APU' is selected.
10:41:48 INFO  : Hardware design and registers information is loaded from 'C:/Travail/S4InfoAtelier4/atelier4_wrapper/export/atelier4_wrapper/hw/atelier4_wrapper.xsa'.
10:41:48 INFO  : 'configparams force-mem-access 1' command is executed.
10:41:48 INFO  : Context for 'APU' is selected.
10:41:48 INFO  : Sourcing of 'C:/Travail/S4InfoAtelier4/project/_ide/psinit/ps7_init.tcl' is done.
10:41:49 INFO  : 'ps7_init' command is executed.
10:41:49 INFO  : 'ps7_post_config' command is executed.
10:41:49 INFO  : Context for processor 'ps7_cortexa9_0' is selected.
10:41:50 INFO  : The application 'C:/Travail/S4InfoAtelier4/project/Debug/project.elf' is downloaded to processor 'ps7_cortexa9_0'.
10:41:50 INFO  : 'configparams force-mem-access 0' command is executed.
10:41:50 INFO  : ----------------XSDB Script----------------
connect -url tcp:127.0.0.1:3121
targets -set -nocase -filter {name =~"APU*"}
rst -system
after 3000
targets -set -filter {jtag_cable_name =~ "Digilent Zybo Z7 210351A78095A" && level==0 && jtag_device_ctx=="jsn-Zybo Z7-210351A78095A-13722093-0"}
fpga -file C:/Travail/S4InfoAtelier4/project/_ide/bitstream/atelier4_wrapper.bit
targets -set -nocase -filter {name =~"APU*"}
loadhw -hw C:/Travail/S4InfoAtelier4/atelier4_wrapper/export/atelier4_wrapper/hw/atelier4_wrapper.xsa -mem-ranges [list {0x40000000 0xbfffffff}] -regs
configparams force-mem-access 1
targets -set -nocase -filter {name =~"APU*"}
source C:/Travail/S4InfoAtelier4/project/_ide/psinit/ps7_init.tcl
ps7_init
ps7_post_config
targets -set -nocase -filter {name =~ "*A9*#0"}
dow C:/Travail/S4InfoAtelier4/project/Debug/project.elf
configparams force-mem-access 0
----------------End of Script----------------

10:41:50 INFO  : Context for processor 'ps7_cortexa9_0' is selected.
10:41:50 INFO  : 'con' command is executed.
10:41:50 INFO  : ----------------XSDB Script (After Launch)----------------
targets -set -nocase -filter {name =~ "*A9*#0"}
con
----------------End of Script----------------

10:41:50 INFO  : Launch script is exported to file 'C:\Travail\S4InfoAtelier4\project_system\_ide\scripts\debugger_project-default.tcl'
10:42:22 INFO  : Checking for BSP changes to sync application flags for project 'project'...
10:42:27 INFO  : Disconnected from the channel tcfchan#7.
10:42:28 INFO  : Connected to target on host '127.0.0.1' and port '3121'.
10:42:28 INFO  : Jtag cable 'Digilent Zybo Z7 210351A78095A' is selected.
10:42:28 INFO  : 'jtag frequency' command is executed.
10:42:28 INFO  : Context for 'APU' is selected.
10:42:28 INFO  : System reset is completed.
10:42:31 INFO  : 'after 3000' command is executed.
10:42:31 INFO  : 'targets -set -filter {jtag_cable_name =~ "Digilent Zybo Z7 210351A78095A" && level==0 && jtag_device_ctx=="jsn-Zybo Z7-210351A78095A-13722093-0"}' command is executed.
10:42:32 INFO  : Device configured successfully with "C:/Travail/S4InfoAtelier4/project/_ide/bitstream/atelier4_wrapper.bit"
10:42:32 INFO  : Context for 'APU' is selected.
10:42:34 INFO  : Hardware design and registers information is loaded from 'C:/Travail/S4InfoAtelier4/atelier4_wrapper/export/atelier4_wrapper/hw/atelier4_wrapper.xsa'.
10:42:34 INFO  : 'configparams force-mem-access 1' command is executed.
10:42:34 INFO  : Context for 'APU' is selected.
10:42:34 INFO  : Sourcing of 'C:/Travail/S4InfoAtelier4/project/_ide/psinit/ps7_init.tcl' is done.
10:42:34 INFO  : 'ps7_init' command is executed.
10:42:34 INFO  : 'ps7_post_config' command is executed.
10:42:34 INFO  : Context for processor 'ps7_cortexa9_0' is selected.
10:42:35 INFO  : The application 'C:/Travail/S4InfoAtelier4/project/Debug/project.elf' is downloaded to processor 'ps7_cortexa9_0'.
10:42:35 INFO  : 'configparams force-mem-access 0' command is executed.
10:42:35 INFO  : ----------------XSDB Script----------------
connect -url tcp:127.0.0.1:3121
targets -set -nocase -filter {name =~"APU*"}
rst -system
after 3000
targets -set -filter {jtag_cable_name =~ "Digilent Zybo Z7 210351A78095A" && level==0 && jtag_device_ctx=="jsn-Zybo Z7-210351A78095A-13722093-0"}
fpga -file C:/Travail/S4InfoAtelier4/project/_ide/bitstream/atelier4_wrapper.bit
targets -set -nocase -filter {name =~"APU*"}
loadhw -hw C:/Travail/S4InfoAtelier4/atelier4_wrapper/export/atelier4_wrapper/hw/atelier4_wrapper.xsa -mem-ranges [list {0x40000000 0xbfffffff}] -regs
configparams force-mem-access 1
targets -set -nocase -filter {name =~"APU*"}
source C:/Travail/S4InfoAtelier4/project/_ide/psinit/ps7_init.tcl
ps7_init
ps7_post_config
targets -set -nocase -filter {name =~ "*A9*#0"}
dow C:/Travail/S4InfoAtelier4/project/Debug/project.elf
configparams force-mem-access 0
----------------End of Script----------------

10:42:35 INFO  : Context for processor 'ps7_cortexa9_0' is selected.
10:42:35 INFO  : 'con' command is executed.
10:42:35 INFO  : ----------------XSDB Script (After Launch)----------------
targets -set -nocase -filter {name =~ "*A9*#0"}
con
----------------End of Script----------------

10:42:35 INFO  : Launch script is exported to file 'C:\Travail\S4InfoAtelier4\project_system\_ide\scripts\debugger_project-default.tcl'
10:42:58 INFO  : Checking for BSP changes to sync application flags for project 'project'...
10:43:05 INFO  : Disconnected from the channel tcfchan#8.
10:43:06 INFO  : Connected to target on host '127.0.0.1' and port '3121'.
10:43:06 INFO  : Jtag cable 'Digilent Zybo Z7 210351A78095A' is selected.
10:43:06 INFO  : 'jtag frequency' command is executed.
10:43:06 INFO  : Context for 'APU' is selected.
10:43:06 INFO  : System reset is completed.
10:43:09 INFO  : 'after 3000' command is executed.
10:43:09 INFO  : 'targets -set -filter {jtag_cable_name =~ "Digilent Zybo Z7 210351A78095A" && level==0 && jtag_device_ctx=="jsn-Zybo Z7-210351A78095A-13722093-0"}' command is executed.
10:43:10 INFO  : Device configured successfully with "C:/Travail/S4InfoAtelier4/project/_ide/bitstream/atelier4_wrapper.bit"
10:43:10 INFO  : Context for 'APU' is selected.
10:43:12 INFO  : Hardware design and registers information is loaded from 'C:/Travail/S4InfoAtelier4/atelier4_wrapper/export/atelier4_wrapper/hw/atelier4_wrapper.xsa'.
10:43:12 INFO  : 'configparams force-mem-access 1' command is executed.
10:43:12 INFO  : Context for 'APU' is selected.
10:43:12 INFO  : Sourcing of 'C:/Travail/S4InfoAtelier4/project/_ide/psinit/ps7_init.tcl' is done.
10:43:12 INFO  : 'ps7_init' command is executed.
10:43:12 INFO  : 'ps7_post_config' command is executed.
10:43:12 INFO  : Context for processor 'ps7_cortexa9_0' is selected.
10:43:13 INFO  : The application 'C:/Travail/S4InfoAtelier4/project/Debug/project.elf' is downloaded to processor 'ps7_cortexa9_0'.
10:43:13 INFO  : 'configparams force-mem-access 0' command is executed.
10:43:13 INFO  : ----------------XSDB Script----------------
connect -url tcp:127.0.0.1:3121
targets -set -nocase -filter {name =~"APU*"}
rst -system
after 3000
targets -set -filter {jtag_cable_name =~ "Digilent Zybo Z7 210351A78095A" && level==0 && jtag_device_ctx=="jsn-Zybo Z7-210351A78095A-13722093-0"}
fpga -file C:/Travail/S4InfoAtelier4/project/_ide/bitstream/atelier4_wrapper.bit
targets -set -nocase -filter {name =~"APU*"}
loadhw -hw C:/Travail/S4InfoAtelier4/atelier4_wrapper/export/atelier4_wrapper/hw/atelier4_wrapper.xsa -mem-ranges [list {0x40000000 0xbfffffff}] -regs
configparams force-mem-access 1
targets -set -nocase -filter {name =~"APU*"}
source C:/Travail/S4InfoAtelier4/project/_ide/psinit/ps7_init.tcl
ps7_init
ps7_post_config
targets -set -nocase -filter {name =~ "*A9*#0"}
dow C:/Travail/S4InfoAtelier4/project/Debug/project.elf
configparams force-mem-access 0
----------------End of Script----------------

10:43:13 INFO  : Context for processor 'ps7_cortexa9_0' is selected.
10:43:13 INFO  : 'con' command is executed.
10:43:13 INFO  : ----------------XSDB Script (After Launch)----------------
targets -set -nocase -filter {name =~ "*A9*#0"}
con
----------------End of Script----------------

10:43:13 INFO  : Launch script is exported to file 'C:\Travail\S4InfoAtelier4\project_system\_ide\scripts\debugger_project-default.tcl'
10:44:32 INFO  : Checking for BSP changes to sync application flags for project 'project'...
10:44:37 INFO  : Disconnected from the channel tcfchan#9.
10:44:38 INFO  : Connected to target on host '127.0.0.1' and port '3121'.
10:44:38 INFO  : Jtag cable 'Digilent Zybo Z7 210351A78095A' is selected.
10:44:38 INFO  : 'jtag frequency' command is executed.
10:44:38 INFO  : Context for 'APU' is selected.
10:44:38 INFO  : System reset is completed.
10:44:41 INFO  : 'after 3000' command is executed.
10:44:41 INFO  : 'targets -set -filter {jtag_cable_name =~ "Digilent Zybo Z7 210351A78095A" && level==0 && jtag_device_ctx=="jsn-Zybo Z7-210351A78095A-13722093-0"}' command is executed.
10:44:42 INFO  : Device configured successfully with "C:/Travail/S4InfoAtelier4/project/_ide/bitstream/atelier4_wrapper.bit"
10:44:42 INFO  : Context for 'APU' is selected.
10:44:44 INFO  : Hardware design and registers information is loaded from 'C:/Travail/S4InfoAtelier4/atelier4_wrapper/export/atelier4_wrapper/hw/atelier4_wrapper.xsa'.
10:44:44 INFO  : 'configparams force-mem-access 1' command is executed.
10:44:44 INFO  : Context for 'APU' is selected.
10:44:44 INFO  : Sourcing of 'C:/Travail/S4InfoAtelier4/project/_ide/psinit/ps7_init.tcl' is done.
10:44:44 INFO  : 'ps7_init' command is executed.
10:44:44 INFO  : 'ps7_post_config' command is executed.
10:44:44 INFO  : Context for processor 'ps7_cortexa9_0' is selected.
10:44:45 INFO  : The application 'C:/Travail/S4InfoAtelier4/project/Debug/project.elf' is downloaded to processor 'ps7_cortexa9_0'.
10:44:45 INFO  : 'configparams force-mem-access 0' command is executed.
10:44:45 INFO  : ----------------XSDB Script----------------
connect -url tcp:127.0.0.1:3121
targets -set -nocase -filter {name =~"APU*"}
rst -system
after 3000
targets -set -filter {jtag_cable_name =~ "Digilent Zybo Z7 210351A78095A" && level==0 && jtag_device_ctx=="jsn-Zybo Z7-210351A78095A-13722093-0"}
fpga -file C:/Travail/S4InfoAtelier4/project/_ide/bitstream/atelier4_wrapper.bit
targets -set -nocase -filter {name =~"APU*"}
loadhw -hw C:/Travail/S4InfoAtelier4/atelier4_wrapper/export/atelier4_wrapper/hw/atelier4_wrapper.xsa -mem-ranges [list {0x40000000 0xbfffffff}] -regs
configparams force-mem-access 1
targets -set -nocase -filter {name =~"APU*"}
source C:/Travail/S4InfoAtelier4/project/_ide/psinit/ps7_init.tcl
ps7_init
ps7_post_config
targets -set -nocase -filter {name =~ "*A9*#0"}
dow C:/Travail/S4InfoAtelier4/project/Debug/project.elf
configparams force-mem-access 0
----------------End of Script----------------

10:44:45 INFO  : Context for processor 'ps7_cortexa9_0' is selected.
10:44:45 INFO  : 'con' command is executed.
10:44:45 INFO  : ----------------XSDB Script (After Launch)----------------
targets -set -nocase -filter {name =~ "*A9*#0"}
con
----------------End of Script----------------

10:44:45 INFO  : Launch script is exported to file 'C:\Travail\S4InfoAtelier4\project_system\_ide\scripts\debugger_project-default.tcl'
10:45:05 INFO  : Checking for BSP changes to sync application flags for project 'project'...
10:45:09 INFO  : Disconnected from the channel tcfchan#10.
10:45:10 INFO  : Connected to target on host '127.0.0.1' and port '3121'.
10:45:10 INFO  : Jtag cable 'Digilent Zybo Z7 210351A78095A' is selected.
10:45:10 INFO  : 'jtag frequency' command is executed.
10:45:10 INFO  : Context for 'APU' is selected.
10:45:10 INFO  : System reset is completed.
10:45:13 INFO  : 'after 3000' command is executed.
10:45:14 INFO  : 'targets -set -filter {jtag_cable_name =~ "Digilent Zybo Z7 210351A78095A" && level==0 && jtag_device_ctx=="jsn-Zybo Z7-210351A78095A-13722093-0"}' command is executed.
10:45:15 INFO  : Device configured successfully with "C:/Travail/S4InfoAtelier4/project/_ide/bitstream/atelier4_wrapper.bit"
10:45:15 INFO  : Context for 'APU' is selected.
10:45:16 INFO  : Hardware design and registers information is loaded from 'C:/Travail/S4InfoAtelier4/atelier4_wrapper/export/atelier4_wrapper/hw/atelier4_wrapper.xsa'.
10:45:16 INFO  : 'configparams force-mem-access 1' command is executed.
10:45:16 INFO  : Context for 'APU' is selected.
10:45:16 INFO  : Sourcing of 'C:/Travail/S4InfoAtelier4/project/_ide/psinit/ps7_init.tcl' is done.
10:45:17 INFO  : 'ps7_init' command is executed.
10:45:17 INFO  : 'ps7_post_config' command is executed.
10:45:17 INFO  : Context for processor 'ps7_cortexa9_0' is selected.
10:45:17 INFO  : The application 'C:/Travail/S4InfoAtelier4/project/Debug/project.elf' is downloaded to processor 'ps7_cortexa9_0'.
10:45:18 INFO  : 'configparams force-mem-access 0' command is executed.
10:45:18 INFO  : ----------------XSDB Script----------------
connect -url tcp:127.0.0.1:3121
targets -set -nocase -filter {name =~"APU*"}
rst -system
after 3000
targets -set -filter {jtag_cable_name =~ "Digilent Zybo Z7 210351A78095A" && level==0 && jtag_device_ctx=="jsn-Zybo Z7-210351A78095A-13722093-0"}
fpga -file C:/Travail/S4InfoAtelier4/project/_ide/bitstream/atelier4_wrapper.bit
targets -set -nocase -filter {name =~"APU*"}
loadhw -hw C:/Travail/S4InfoAtelier4/atelier4_wrapper/export/atelier4_wrapper/hw/atelier4_wrapper.xsa -mem-ranges [list {0x40000000 0xbfffffff}] -regs
configparams force-mem-access 1
targets -set -nocase -filter {name =~"APU*"}
source C:/Travail/S4InfoAtelier4/project/_ide/psinit/ps7_init.tcl
ps7_init
ps7_post_config
targets -set -nocase -filter {name =~ "*A9*#0"}
dow C:/Travail/S4InfoAtelier4/project/Debug/project.elf
configparams force-mem-access 0
----------------End of Script----------------

10:45:18 INFO  : Context for processor 'ps7_cortexa9_0' is selected.
10:45:18 INFO  : 'con' command is executed.
10:45:18 INFO  : ----------------XSDB Script (After Launch)----------------
targets -set -nocase -filter {name =~ "*A9*#0"}
con
----------------End of Script----------------

10:45:18 INFO  : Launch script is exported to file 'C:\Travail\S4InfoAtelier4\project_system\_ide\scripts\debugger_project-default.tcl'
10:45:59 INFO  : Checking for BSP changes to sync application flags for project 'project'...
10:46:03 INFO  : Disconnected from the channel tcfchan#11.
10:46:04 INFO  : Connected to target on host '127.0.0.1' and port '3121'.
10:46:04 INFO  : Jtag cable 'Digilent Zybo Z7 210351A78095A' is selected.
10:46:04 INFO  : 'jtag frequency' command is executed.
10:46:04 INFO  : Context for 'APU' is selected.
10:46:04 INFO  : System reset is completed.
10:46:07 INFO  : 'after 3000' command is executed.
10:46:08 INFO  : 'targets -set -filter {jtag_cable_name =~ "Digilent Zybo Z7 210351A78095A" && level==0 && jtag_device_ctx=="jsn-Zybo Z7-210351A78095A-13722093-0"}' command is executed.
10:46:09 INFO  : Device configured successfully with "C:/Travail/S4InfoAtelier4/project/_ide/bitstream/atelier4_wrapper.bit"
10:46:09 INFO  : Context for 'APU' is selected.
10:46:10 INFO  : Hardware design and registers information is loaded from 'C:/Travail/S4InfoAtelier4/atelier4_wrapper/export/atelier4_wrapper/hw/atelier4_wrapper.xsa'.
10:46:10 INFO  : 'configparams force-mem-access 1' command is executed.
10:46:10 INFO  : Context for 'APU' is selected.
10:46:10 INFO  : Sourcing of 'C:/Travail/S4InfoAtelier4/project/_ide/psinit/ps7_init.tcl' is done.
10:46:11 INFO  : 'ps7_init' command is executed.
10:46:11 INFO  : 'ps7_post_config' command is executed.
10:46:11 INFO  : Context for processor 'ps7_cortexa9_0' is selected.
10:46:11 INFO  : The application 'C:/Travail/S4InfoAtelier4/project/Debug/project.elf' is downloaded to processor 'ps7_cortexa9_0'.
10:46:11 INFO  : 'configparams force-mem-access 0' command is executed.
10:46:11 INFO  : ----------------XSDB Script----------------
connect -url tcp:127.0.0.1:3121
targets -set -nocase -filter {name =~"APU*"}
rst -system
after 3000
targets -set -filter {jtag_cable_name =~ "Digilent Zybo Z7 210351A78095A" && level==0 && jtag_device_ctx=="jsn-Zybo Z7-210351A78095A-13722093-0"}
fpga -file C:/Travail/S4InfoAtelier4/project/_ide/bitstream/atelier4_wrapper.bit
targets -set -nocase -filter {name =~"APU*"}
loadhw -hw C:/Travail/S4InfoAtelier4/atelier4_wrapper/export/atelier4_wrapper/hw/atelier4_wrapper.xsa -mem-ranges [list {0x40000000 0xbfffffff}] -regs
configparams force-mem-access 1
targets -set -nocase -filter {name =~"APU*"}
source C:/Travail/S4InfoAtelier4/project/_ide/psinit/ps7_init.tcl
ps7_init
ps7_post_config
targets -set -nocase -filter {name =~ "*A9*#0"}
dow C:/Travail/S4InfoAtelier4/project/Debug/project.elf
configparams force-mem-access 0
----------------End of Script----------------

10:46:11 INFO  : Context for processor 'ps7_cortexa9_0' is selected.
10:46:11 INFO  : 'con' command is executed.
10:46:11 INFO  : ----------------XSDB Script (After Launch)----------------
targets -set -nocase -filter {name =~ "*A9*#0"}
con
----------------End of Script----------------

10:46:11 INFO  : Launch script is exported to file 'C:\Travail\S4InfoAtelier4\project_system\_ide\scripts\debugger_project-default.tcl'
10:46:42 INFO  : Checking for BSP changes to sync application flags for project 'project'...
10:46:58 INFO  : Disconnected from the channel tcfchan#12.
10:46:59 INFO  : Connected to target on host '127.0.0.1' and port '3121'.
10:46:59 INFO  : Jtag cable 'Digilent Zybo Z7 210351A78095A' is selected.
10:46:59 INFO  : 'jtag frequency' command is executed.
10:46:59 INFO  : Context for 'APU' is selected.
10:46:59 INFO  : System reset is completed.
10:47:02 INFO  : 'after 3000' command is executed.
10:47:02 INFO  : 'targets -set -filter {jtag_cable_name =~ "Digilent Zybo Z7 210351A78095A" && level==0 && jtag_device_ctx=="jsn-Zybo Z7-210351A78095A-13722093-0"}' command is executed.
10:47:03 INFO  : Device configured successfully with "C:/Travail/S4InfoAtelier4/project/_ide/bitstream/atelier4_wrapper.bit"
10:47:03 INFO  : Context for 'APU' is selected.
10:47:04 INFO  : Hardware design and registers information is loaded from 'C:/Travail/S4InfoAtelier4/atelier4_wrapper/export/atelier4_wrapper/hw/atelier4_wrapper.xsa'.
10:47:04 INFO  : 'configparams force-mem-access 1' command is executed.
10:47:04 INFO  : Context for 'APU' is selected.
10:47:04 INFO  : Sourcing of 'C:/Travail/S4InfoAtelier4/project/_ide/psinit/ps7_init.tcl' is done.
10:47:05 INFO  : 'ps7_init' command is executed.
10:47:05 INFO  : 'ps7_post_config' command is executed.
10:47:05 INFO  : Context for processor 'ps7_cortexa9_0' is selected.
10:47:06 INFO  : The application 'C:/Travail/S4InfoAtelier4/project/Debug/project.elf' is downloaded to processor 'ps7_cortexa9_0'.
10:47:06 INFO  : 'configparams force-mem-access 0' command is executed.
10:47:06 INFO  : ----------------XSDB Script----------------
connect -url tcp:127.0.0.1:3121
targets -set -nocase -filter {name =~"APU*"}
rst -system
after 3000
targets -set -filter {jtag_cable_name =~ "Digilent Zybo Z7 210351A78095A" && level==0 && jtag_device_ctx=="jsn-Zybo Z7-210351A78095A-13722093-0"}
fpga -file C:/Travail/S4InfoAtelier4/project/_ide/bitstream/atelier4_wrapper.bit
targets -set -nocase -filter {name =~"APU*"}
loadhw -hw C:/Travail/S4InfoAtelier4/atelier4_wrapper/export/atelier4_wrapper/hw/atelier4_wrapper.xsa -mem-ranges [list {0x40000000 0xbfffffff}] -regs
configparams force-mem-access 1
targets -set -nocase -filter {name =~"APU*"}
source C:/Travail/S4InfoAtelier4/project/_ide/psinit/ps7_init.tcl
ps7_init
ps7_post_config
targets -set -nocase -filter {name =~ "*A9*#0"}
dow C:/Travail/S4InfoAtelier4/project/Debug/project.elf
configparams force-mem-access 0
----------------End of Script----------------

10:47:06 INFO  : Context for processor 'ps7_cortexa9_0' is selected.
10:47:06 INFO  : 'con' command is executed.
10:47:06 INFO  : ----------------XSDB Script (After Launch)----------------
targets -set -nocase -filter {name =~ "*A9*#0"}
con
----------------End of Script----------------

10:47:06 INFO  : Launch script is exported to file 'C:\Travail\S4InfoAtelier4\project_system\_ide\scripts\debugger_project-default.tcl'
10:47:30 INFO  : Checking for BSP changes to sync application flags for project 'project'...
10:47:36 INFO  : Disconnected from the channel tcfchan#13.
10:47:37 INFO  : Connected to target on host '127.0.0.1' and port '3121'.
10:47:37 INFO  : Jtag cable 'Digilent Zybo Z7 210351A78095A' is selected.
10:47:37 INFO  : 'jtag frequency' command is executed.
10:47:37 INFO  : Context for 'APU' is selected.
10:47:37 INFO  : System reset is completed.
10:47:40 INFO  : 'after 3000' command is executed.
10:47:40 INFO  : 'targets -set -filter {jtag_cable_name =~ "Digilent Zybo Z7 210351A78095A" && level==0 && jtag_device_ctx=="jsn-Zybo Z7-210351A78095A-13722093-0"}' command is executed.
10:47:41 INFO  : Device configured successfully with "C:/Travail/S4InfoAtelier4/project/_ide/bitstream/atelier4_wrapper.bit"
10:47:41 INFO  : Context for 'APU' is selected.
10:47:42 INFO  : Hardware design and registers information is loaded from 'C:/Travail/S4InfoAtelier4/atelier4_wrapper/export/atelier4_wrapper/hw/atelier4_wrapper.xsa'.
10:47:42 INFO  : 'configparams force-mem-access 1' command is executed.
10:47:42 INFO  : Context for 'APU' is selected.
10:47:42 INFO  : Sourcing of 'C:/Travail/S4InfoAtelier4/project/_ide/psinit/ps7_init.tcl' is done.
10:47:43 INFO  : 'ps7_init' command is executed.
10:47:43 INFO  : 'ps7_post_config' command is executed.
10:47:43 INFO  : Context for processor 'ps7_cortexa9_0' is selected.
10:47:43 INFO  : The application 'C:/Travail/S4InfoAtelier4/project/Debug/project.elf' is downloaded to processor 'ps7_cortexa9_0'.
10:47:44 INFO  : 'configparams force-mem-access 0' command is executed.
10:47:44 INFO  : ----------------XSDB Script----------------
connect -url tcp:127.0.0.1:3121
targets -set -nocase -filter {name =~"APU*"}
rst -system
after 3000
targets -set -filter {jtag_cable_name =~ "Digilent Zybo Z7 210351A78095A" && level==0 && jtag_device_ctx=="jsn-Zybo Z7-210351A78095A-13722093-0"}
fpga -file C:/Travail/S4InfoAtelier4/project/_ide/bitstream/atelier4_wrapper.bit
targets -set -nocase -filter {name =~"APU*"}
loadhw -hw C:/Travail/S4InfoAtelier4/atelier4_wrapper/export/atelier4_wrapper/hw/atelier4_wrapper.xsa -mem-ranges [list {0x40000000 0xbfffffff}] -regs
configparams force-mem-access 1
targets -set -nocase -filter {name =~"APU*"}
source C:/Travail/S4InfoAtelier4/project/_ide/psinit/ps7_init.tcl
ps7_init
ps7_post_config
targets -set -nocase -filter {name =~ "*A9*#0"}
dow C:/Travail/S4InfoAtelier4/project/Debug/project.elf
configparams force-mem-access 0
----------------End of Script----------------

10:47:44 INFO  : Context for processor 'ps7_cortexa9_0' is selected.
10:47:44 INFO  : 'con' command is executed.
10:47:44 INFO  : ----------------XSDB Script (After Launch)----------------
targets -set -nocase -filter {name =~ "*A9*#0"}
con
----------------End of Script----------------

10:47:44 INFO  : Launch script is exported to file 'C:\Travail\S4InfoAtelier4\project_system\_ide\scripts\debugger_project-default.tcl'
10:47:59 INFO  : Checking for BSP changes to sync application flags for project 'project'...
10:48:04 INFO  : Disconnected from the channel tcfchan#14.
10:48:05 INFO  : Connected to target on host '127.0.0.1' and port '3121'.
10:48:05 INFO  : Jtag cable 'Digilent Zybo Z7 210351A78095A' is selected.
10:48:05 INFO  : 'jtag frequency' command is executed.
10:48:05 INFO  : Context for 'APU' is selected.
10:48:05 INFO  : System reset is completed.
10:48:08 INFO  : 'after 3000' command is executed.
10:48:08 INFO  : 'targets -set -filter {jtag_cable_name =~ "Digilent Zybo Z7 210351A78095A" && level==0 && jtag_device_ctx=="jsn-Zybo Z7-210351A78095A-13722093-0"}' command is executed.
10:48:10 INFO  : Device configured successfully with "C:/Travail/S4InfoAtelier4/project/_ide/bitstream/atelier4_wrapper.bit"
10:48:10 INFO  : Context for 'APU' is selected.
10:48:11 INFO  : Hardware design and registers information is loaded from 'C:/Travail/S4InfoAtelier4/atelier4_wrapper/export/atelier4_wrapper/hw/atelier4_wrapper.xsa'.
10:48:11 INFO  : 'configparams force-mem-access 1' command is executed.
10:48:11 INFO  : Context for 'APU' is selected.
10:48:11 INFO  : Sourcing of 'C:/Travail/S4InfoAtelier4/project/_ide/psinit/ps7_init.tcl' is done.
10:48:11 INFO  : 'ps7_init' command is executed.
10:48:11 INFO  : 'ps7_post_config' command is executed.
10:48:11 INFO  : Context for processor 'ps7_cortexa9_0' is selected.
10:48:12 INFO  : The application 'C:/Travail/S4InfoAtelier4/project/Debug/project.elf' is downloaded to processor 'ps7_cortexa9_0'.
10:48:12 INFO  : 'configparams force-mem-access 0' command is executed.
10:48:12 INFO  : ----------------XSDB Script----------------
connect -url tcp:127.0.0.1:3121
targets -set -nocase -filter {name =~"APU*"}
rst -system
after 3000
targets -set -filter {jtag_cable_name =~ "Digilent Zybo Z7 210351A78095A" && level==0 && jtag_device_ctx=="jsn-Zybo Z7-210351A78095A-13722093-0"}
fpga -file C:/Travail/S4InfoAtelier4/project/_ide/bitstream/atelier4_wrapper.bit
targets -set -nocase -filter {name =~"APU*"}
loadhw -hw C:/Travail/S4InfoAtelier4/atelier4_wrapper/export/atelier4_wrapper/hw/atelier4_wrapper.xsa -mem-ranges [list {0x40000000 0xbfffffff}] -regs
configparams force-mem-access 1
targets -set -nocase -filter {name =~"APU*"}
source C:/Travail/S4InfoAtelier4/project/_ide/psinit/ps7_init.tcl
ps7_init
ps7_post_config
targets -set -nocase -filter {name =~ "*A9*#0"}
dow C:/Travail/S4InfoAtelier4/project/Debug/project.elf
configparams force-mem-access 0
----------------End of Script----------------

10:48:12 INFO  : Context for processor 'ps7_cortexa9_0' is selected.
10:48:12 INFO  : 'con' command is executed.
10:48:12 INFO  : ----------------XSDB Script (After Launch)----------------
targets -set -nocase -filter {name =~ "*A9*#0"}
con
----------------End of Script----------------

10:48:12 INFO  : Launch script is exported to file 'C:\Travail\S4InfoAtelier4\project_system\_ide\scripts\debugger_project-default.tcl'
10:48:53 INFO  : Checking for BSP changes to sync application flags for project 'project'...
10:48:57 INFO  : Disconnected from the channel tcfchan#15.
10:48:58 INFO  : Connected to target on host '127.0.0.1' and port '3121'.
10:48:58 INFO  : Jtag cable 'Digilent Zybo Z7 210351A78095A' is selected.
10:48:58 INFO  : 'jtag frequency' command is executed.
10:48:58 INFO  : Context for 'APU' is selected.
10:48:58 INFO  : System reset is completed.
10:49:01 INFO  : 'after 3000' command is executed.
10:49:01 INFO  : 'targets -set -filter {jtag_cable_name =~ "Digilent Zybo Z7 210351A78095A" && level==0 && jtag_device_ctx=="jsn-Zybo Z7-210351A78095A-13722093-0"}' command is executed.
10:49:03 INFO  : Device configured successfully with "C:/Travail/S4InfoAtelier4/project/_ide/bitstream/atelier4_wrapper.bit"
10:49:03 INFO  : Context for 'APU' is selected.
10:49:04 INFO  : Hardware design and registers information is loaded from 'C:/Travail/S4InfoAtelier4/atelier4_wrapper/export/atelier4_wrapper/hw/atelier4_wrapper.xsa'.
10:49:04 INFO  : 'configparams force-mem-access 1' command is executed.
10:49:04 INFO  : Context for 'APU' is selected.
10:49:04 INFO  : Sourcing of 'C:/Travail/S4InfoAtelier4/project/_ide/psinit/ps7_init.tcl' is done.
10:49:04 INFO  : 'ps7_init' command is executed.
10:49:04 INFO  : 'ps7_post_config' command is executed.
10:49:04 INFO  : Context for processor 'ps7_cortexa9_0' is selected.
10:49:05 INFO  : The application 'C:/Travail/S4InfoAtelier4/project/Debug/project.elf' is downloaded to processor 'ps7_cortexa9_0'.
10:49:05 INFO  : 'configparams force-mem-access 0' command is executed.
10:49:05 INFO  : ----------------XSDB Script----------------
connect -url tcp:127.0.0.1:3121
targets -set -nocase -filter {name =~"APU*"}
rst -system
after 3000
targets -set -filter {jtag_cable_name =~ "Digilent Zybo Z7 210351A78095A" && level==0 && jtag_device_ctx=="jsn-Zybo Z7-210351A78095A-13722093-0"}
fpga -file C:/Travail/S4InfoAtelier4/project/_ide/bitstream/atelier4_wrapper.bit
targets -set -nocase -filter {name =~"APU*"}
loadhw -hw C:/Travail/S4InfoAtelier4/atelier4_wrapper/export/atelier4_wrapper/hw/atelier4_wrapper.xsa -mem-ranges [list {0x40000000 0xbfffffff}] -regs
configparams force-mem-access 1
targets -set -nocase -filter {name =~"APU*"}
source C:/Travail/S4InfoAtelier4/project/_ide/psinit/ps7_init.tcl
ps7_init
ps7_post_config
targets -set -nocase -filter {name =~ "*A9*#0"}
dow C:/Travail/S4InfoAtelier4/project/Debug/project.elf
configparams force-mem-access 0
----------------End of Script----------------

10:49:05 INFO  : Context for processor 'ps7_cortexa9_0' is selected.
10:49:05 INFO  : 'con' command is executed.
10:49:05 INFO  : ----------------XSDB Script (After Launch)----------------
targets -set -nocase -filter {name =~ "*A9*#0"}
con
----------------End of Script----------------

10:49:05 INFO  : Launch script is exported to file 'C:\Travail\S4InfoAtelier4\project_system\_ide\scripts\debugger_project-default.tcl'
10:49:22 INFO  : Disconnected from the channel tcfchan#16.
10:49:23 INFO  : Connected to target on host '127.0.0.1' and port '3121'.
10:49:24 INFO  : Jtag cable 'Digilent Zybo Z7 210351A78095A' is selected.
10:49:24 INFO  : 'jtag frequency' command is executed.
10:49:24 INFO  : Context for 'APU' is selected.
10:49:24 INFO  : System reset is completed.
10:49:25 INFO  : Checking for BSP changes to sync application flags for project 'project'...
10:49:27 INFO  : 'after 3000' command is executed.
10:49:28 INFO  : 'targets -set -filter {jtag_cable_name =~ "Digilent Zybo Z7 210351A78095A" && level==0 && jtag_device_ctx=="jsn-Zybo Z7-210351A78095A-13722093-0"}' command is executed.
10:49:29 INFO  : Device configured successfully with "C:/Travail/S4InfoAtelier4/project/_ide/bitstream/atelier4_wrapper.bit"
10:49:29 INFO  : Context for 'APU' is selected.
10:49:29 INFO  : Hardware design and registers information is loaded from 'C:/Travail/S4InfoAtelier4/atelier4_wrapper/export/atelier4_wrapper/hw/atelier4_wrapper.xsa'.
10:49:29 INFO  : 'configparams force-mem-access 1' command is executed.
10:49:29 INFO  : Context for 'APU' is selected.
10:49:29 INFO  : Sourcing of 'C:/Travail/S4InfoAtelier4/project/_ide/psinit/ps7_init.tcl' is done.
10:49:30 INFO  : 'ps7_init' command is executed.
10:49:30 INFO  : 'ps7_post_config' command is executed.
10:49:30 INFO  : Context for processor 'ps7_cortexa9_0' is selected.
10:49:30 INFO  : The application 'C:/Travail/S4InfoAtelier4/project/Debug/project.elf' is downloaded to processor 'ps7_cortexa9_0'.
10:49:30 INFO  : 'configparams force-mem-access 0' command is executed.
10:49:30 INFO  : ----------------XSDB Script----------------
connect -url tcp:127.0.0.1:3121
targets -set -nocase -filter {name =~"APU*"}
rst -system
after 3000
targets -set -filter {jtag_cable_name =~ "Digilent Zybo Z7 210351A78095A" && level==0 && jtag_device_ctx=="jsn-Zybo Z7-210351A78095A-13722093-0"}
fpga -file C:/Travail/S4InfoAtelier4/project/_ide/bitstream/atelier4_wrapper.bit
targets -set -nocase -filter {name =~"APU*"}
loadhw -hw C:/Travail/S4InfoAtelier4/atelier4_wrapper/export/atelier4_wrapper/hw/atelier4_wrapper.xsa -mem-ranges [list {0x40000000 0xbfffffff}] -regs
configparams force-mem-access 1
targets -set -nocase -filter {name =~"APU*"}
source C:/Travail/S4InfoAtelier4/project/_ide/psinit/ps7_init.tcl
ps7_init
ps7_post_config
targets -set -nocase -filter {name =~ "*A9*#0"}
dow C:/Travail/S4InfoAtelier4/project/Debug/project.elf
configparams force-mem-access 0
----------------End of Script----------------

10:49:31 INFO  : Context for processor 'ps7_cortexa9_0' is selected.
10:49:31 INFO  : 'con' command is executed.
10:49:31 INFO  : ----------------XSDB Script (After Launch)----------------
targets -set -nocase -filter {name =~ "*A9*#0"}
con
----------------End of Script----------------

10:49:31 INFO  : Launch script is exported to file 'C:\Travail\S4InfoAtelier4\project_system\_ide\scripts\debugger_project-default.tcl'
10:53:58 INFO  : Checking for BSP changes to sync application flags for project 'project'...
10:54:07 INFO  : Disconnected from the channel tcfchan#17.
10:54:08 INFO  : Connected to target on host '127.0.0.1' and port '3121'.
10:54:08 INFO  : Jtag cable 'Digilent Zybo Z7 210351A78095A' is selected.
10:54:08 INFO  : 'jtag frequency' command is executed.
10:54:08 INFO  : Context for 'APU' is selected.
10:54:08 INFO  : System reset is completed.
10:54:11 INFO  : 'after 3000' command is executed.
10:54:11 INFO  : 'targets -set -filter {jtag_cable_name =~ "Digilent Zybo Z7 210351A78095A" && level==0 && jtag_device_ctx=="jsn-Zybo Z7-210351A78095A-13722093-0"}' command is executed.
10:54:12 INFO  : Device configured successfully with "C:/Travail/S4InfoAtelier4/project/_ide/bitstream/atelier4_wrapper.bit"
10:54:12 INFO  : Context for 'APU' is selected.
10:54:14 INFO  : Hardware design and registers information is loaded from 'C:/Travail/S4InfoAtelier4/atelier4_wrapper/export/atelier4_wrapper/hw/atelier4_wrapper.xsa'.
10:54:14 INFO  : 'configparams force-mem-access 1' command is executed.
10:54:14 INFO  : Context for 'APU' is selected.
10:54:14 INFO  : Sourcing of 'C:/Travail/S4InfoAtelier4/project/_ide/psinit/ps7_init.tcl' is done.
10:54:14 INFO  : 'ps7_init' command is executed.
10:54:14 INFO  : 'ps7_post_config' command is executed.
10:54:14 INFO  : Context for processor 'ps7_cortexa9_0' is selected.
10:54:15 INFO  : The application 'C:/Travail/S4InfoAtelier4/project/Debug/project.elf' is downloaded to processor 'ps7_cortexa9_0'.
10:54:15 INFO  : 'configparams force-mem-access 0' command is executed.
10:54:15 INFO  : ----------------XSDB Script----------------
connect -url tcp:127.0.0.1:3121
targets -set -nocase -filter {name =~"APU*"}
rst -system
after 3000
targets -set -filter {jtag_cable_name =~ "Digilent Zybo Z7 210351A78095A" && level==0 && jtag_device_ctx=="jsn-Zybo Z7-210351A78095A-13722093-0"}
fpga -file C:/Travail/S4InfoAtelier4/project/_ide/bitstream/atelier4_wrapper.bit
targets -set -nocase -filter {name =~"APU*"}
loadhw -hw C:/Travail/S4InfoAtelier4/atelier4_wrapper/export/atelier4_wrapper/hw/atelier4_wrapper.xsa -mem-ranges [list {0x40000000 0xbfffffff}] -regs
configparams force-mem-access 1
targets -set -nocase -filter {name =~"APU*"}
source C:/Travail/S4InfoAtelier4/project/_ide/psinit/ps7_init.tcl
ps7_init
ps7_post_config
targets -set -nocase -filter {name =~ "*A9*#0"}
dow C:/Travail/S4InfoAtelier4/project/Debug/project.elf
configparams force-mem-access 0
----------------End of Script----------------

10:54:15 INFO  : Context for processor 'ps7_cortexa9_0' is selected.
10:54:15 INFO  : 'con' command is executed.
10:54:15 INFO  : ----------------XSDB Script (After Launch)----------------
targets -set -nocase -filter {name =~ "*A9*#0"}
con
----------------End of Script----------------

10:54:15 INFO  : Launch script is exported to file 'C:\Travail\S4InfoAtelier4\project_system\_ide\scripts\debugger_project-default.tcl'
11:10:36 INFO  : Checking for BSP changes to sync application flags for project 'project'...
11:10:42 INFO  : Disconnected from the channel tcfchan#18.
11:10:43 INFO  : Connected to target on host '127.0.0.1' and port '3121'.
11:10:43 INFO  : Jtag cable 'Digilent Zybo Z7 210351A78095A' is selected.
11:10:43 INFO  : 'jtag frequency' command is executed.
11:10:43 INFO  : Context for 'APU' is selected.
11:10:43 INFO  : System reset is completed.
11:10:46 INFO  : 'after 3000' command is executed.
11:10:46 INFO  : 'targets -set -filter {jtag_cable_name =~ "Digilent Zybo Z7 210351A78095A" && level==0 && jtag_device_ctx=="jsn-Zybo Z7-210351A78095A-13722093-0"}' command is executed.
11:10:47 INFO  : Device configured successfully with "C:/Travail/S4InfoAtelier4/project/_ide/bitstream/atelier4_wrapper.bit"
11:10:47 INFO  : Context for 'APU' is selected.
11:10:48 INFO  : Hardware design and registers information is loaded from 'C:/Travail/S4InfoAtelier4/atelier4_wrapper/export/atelier4_wrapper/hw/atelier4_wrapper.xsa'.
11:10:48 INFO  : 'configparams force-mem-access 1' command is executed.
11:10:48 INFO  : Context for 'APU' is selected.
11:10:48 INFO  : Sourcing of 'C:/Travail/S4InfoAtelier4/project/_ide/psinit/ps7_init.tcl' is done.
11:10:49 INFO  : 'ps7_init' command is executed.
11:10:49 INFO  : 'ps7_post_config' command is executed.
11:10:49 INFO  : Context for processor 'ps7_cortexa9_0' is selected.
11:10:49 INFO  : The application 'C:/Travail/S4InfoAtelier4/project/Debug/project.elf' is downloaded to processor 'ps7_cortexa9_0'.
11:10:49 INFO  : 'configparams force-mem-access 0' command is executed.
11:10:49 INFO  : ----------------XSDB Script----------------
connect -url tcp:127.0.0.1:3121
targets -set -nocase -filter {name =~"APU*"}
rst -system
after 3000
targets -set -filter {jtag_cable_name =~ "Digilent Zybo Z7 210351A78095A" && level==0 && jtag_device_ctx=="jsn-Zybo Z7-210351A78095A-13722093-0"}
fpga -file C:/Travail/S4InfoAtelier4/project/_ide/bitstream/atelier4_wrapper.bit
targets -set -nocase -filter {name =~"APU*"}
loadhw -hw C:/Travail/S4InfoAtelier4/atelier4_wrapper/export/atelier4_wrapper/hw/atelier4_wrapper.xsa -mem-ranges [list {0x40000000 0xbfffffff}] -regs
configparams force-mem-access 1
targets -set -nocase -filter {name =~"APU*"}
source C:/Travail/S4InfoAtelier4/project/_ide/psinit/ps7_init.tcl
ps7_init
ps7_post_config
targets -set -nocase -filter {name =~ "*A9*#0"}
dow C:/Travail/S4InfoAtelier4/project/Debug/project.elf
configparams force-mem-access 0
----------------End of Script----------------

11:10:49 INFO  : Context for processor 'ps7_cortexa9_0' is selected.
11:10:50 INFO  : 'con' command is executed.
11:10:50 INFO  : ----------------XSDB Script (After Launch)----------------
targets -set -nocase -filter {name =~ "*A9*#0"}
con
----------------End of Script----------------

11:10:50 INFO  : Launch script is exported to file 'C:\Travail\S4InfoAtelier4\project_system\_ide\scripts\debugger_project-default.tcl'
11:20:14 INFO  : Disconnected from the channel tcfchan#19.
11:29:10 INFO  : Launching XSCT server: xsct.bat -n  -interactive C:\Travail\S4InfoAtelier4\temp_xsdb_launch_script.tcl
11:29:13 INFO  : XSCT server has started successfully.
11:29:13 INFO  : plnx-install-location is set to ''
11:29:13 INFO  : Successfully done setting XSCT server connection channel  
11:29:13 INFO  : Successfully done setting workspace for the tool. 
11:29:16 INFO  : Registering command handlers for Vitis TCF services
11:29:16 INFO  : Platform repository initialization has completed.
11:29:17 INFO  : Successfully done query RDI_DATADIR 
11:29:23 INFO  : Checking for BSP changes to sync application flags for project 'project'...
11:29:29 INFO  : Connected to target on host '127.0.0.1' and port '3121'.
11:29:30 INFO  : Jtag cable 'Digilent Zybo Z7 210351A78095A' is selected.
11:29:30 INFO  : 'jtag frequency' command is executed.
11:29:30 INFO  : Context for 'APU' is selected.
11:29:30 INFO  : System reset is completed.
11:29:33 INFO  : 'after 3000' command is executed.
11:29:33 INFO  : 'targets -set -filter {jtag_cable_name =~ "Digilent Zybo Z7 210351A78095A" && level==0 && jtag_device_ctx=="jsn-Zybo Z7-210351A78095A-13722093-0"}' command is executed.
11:29:34 INFO  : Device configured successfully with "C:/Travail/S4InfoAtelier4/project/_ide/bitstream/atelier4_wrapper.bit"
11:29:34 INFO  : Context for 'APU' is selected.
11:29:34 INFO  : Hardware design and registers information is loaded from 'C:/Travail/S4InfoAtelier4/atelier4_wrapper/export/atelier4_wrapper/hw/atelier4_wrapper.xsa'.
11:29:34 INFO  : 'configparams force-mem-access 1' command is executed.
11:29:34 INFO  : Context for 'APU' is selected.
11:29:34 INFO  : Sourcing of 'C:/Travail/S4InfoAtelier4/project/_ide/psinit/ps7_init.tcl' is done.
11:29:35 INFO  : 'ps7_init' command is executed.
11:29:35 INFO  : 'ps7_post_config' command is executed.
11:29:35 INFO  : Context for processor 'ps7_cortexa9_0' is selected.
11:29:35 INFO  : The application 'C:/Travail/S4InfoAtelier4/project/Debug/project.elf' is downloaded to processor 'ps7_cortexa9_0'.
11:29:35 INFO  : 'configparams force-mem-access 0' command is executed.
11:29:35 INFO  : ----------------XSDB Script----------------
connect -url tcp:127.0.0.1:3121
targets -set -nocase -filter {name =~"APU*"}
rst -system
after 3000
targets -set -filter {jtag_cable_name =~ "Digilent Zybo Z7 210351A78095A" && level==0 && jtag_device_ctx=="jsn-Zybo Z7-210351A78095A-13722093-0"}
fpga -file C:/Travail/S4InfoAtelier4/project/_ide/bitstream/atelier4_wrapper.bit
targets -set -nocase -filter {name =~"APU*"}
loadhw -hw C:/Travail/S4InfoAtelier4/atelier4_wrapper/export/atelier4_wrapper/hw/atelier4_wrapper.xsa -mem-ranges [list {0x40000000 0xbfffffff}] -regs
configparams force-mem-access 1
targets -set -nocase -filter {name =~"APU*"}
source C:/Travail/S4InfoAtelier4/project/_ide/psinit/ps7_init.tcl
ps7_init
ps7_post_config
targets -set -nocase -filter {name =~ "*A9*#0"}
dow C:/Travail/S4InfoAtelier4/project/Debug/project.elf
configparams force-mem-access 0
----------------End of Script----------------

11:29:35 INFO  : Context for processor 'ps7_cortexa9_0' is selected.
11:29:35 INFO  : 'con' command is executed.
11:29:35 INFO  : ----------------XSDB Script (After Launch)----------------
targets -set -nocase -filter {name =~ "*A9*#0"}
con
----------------End of Script----------------

11:29:35 INFO  : Launch script is exported to file 'C:\Travail\S4InfoAtelier4\project_system\_ide\scripts\debugger_project-default.tcl'
11:31:09 INFO  : Checking for BSP changes to sync application flags for project 'project'...
11:31:15 INFO  : Disconnected from the channel tcfchan#1.
11:31:16 INFO  : Connected to target on host '127.0.0.1' and port '3121'.
11:31:17 INFO  : Jtag cable 'Digilent Zybo Z7 210351A78095A' is selected.
11:31:17 INFO  : 'jtag frequency' command is executed.
11:31:17 INFO  : Context for 'APU' is selected.
11:31:17 INFO  : System reset is completed.
11:31:20 INFO  : 'after 3000' command is executed.
11:31:20 INFO  : 'targets -set -filter {jtag_cable_name =~ "Digilent Zybo Z7 210351A78095A" && level==0 && jtag_device_ctx=="jsn-Zybo Z7-210351A78095A-13722093-0"}' command is executed.
11:31:21 INFO  : Device configured successfully with "C:/Travail/S4InfoAtelier4/project/_ide/bitstream/atelier4_wrapper.bit"
11:31:21 INFO  : Context for 'APU' is selected.
11:31:22 INFO  : Hardware design and registers information is loaded from 'C:/Travail/S4InfoAtelier4/atelier4_wrapper/export/atelier4_wrapper/hw/atelier4_wrapper.xsa'.
11:31:22 INFO  : 'configparams force-mem-access 1' command is executed.
11:31:22 INFO  : Context for 'APU' is selected.
11:31:22 INFO  : Sourcing of 'C:/Travail/S4InfoAtelier4/project/_ide/psinit/ps7_init.tcl' is done.
11:31:23 INFO  : 'ps7_init' command is executed.
11:31:23 INFO  : 'ps7_post_config' command is executed.
11:31:23 INFO  : Context for processor 'ps7_cortexa9_0' is selected.
11:31:24 INFO  : The application 'C:/Travail/S4InfoAtelier4/project/Debug/project.elf' is downloaded to processor 'ps7_cortexa9_0'.
11:31:24 INFO  : 'configparams force-mem-access 0' command is executed.
11:31:24 INFO  : ----------------XSDB Script----------------
connect -url tcp:127.0.0.1:3121
targets -set -nocase -filter {name =~"APU*"}
rst -system
after 3000
targets -set -filter {jtag_cable_name =~ "Digilent Zybo Z7 210351A78095A" && level==0 && jtag_device_ctx=="jsn-Zybo Z7-210351A78095A-13722093-0"}
fpga -file C:/Travail/S4InfoAtelier4/project/_ide/bitstream/atelier4_wrapper.bit
targets -set -nocase -filter {name =~"APU*"}
loadhw -hw C:/Travail/S4InfoAtelier4/atelier4_wrapper/export/atelier4_wrapper/hw/atelier4_wrapper.xsa -mem-ranges [list {0x40000000 0xbfffffff}] -regs
configparams force-mem-access 1
targets -set -nocase -filter {name =~"APU*"}
source C:/Travail/S4InfoAtelier4/project/_ide/psinit/ps7_init.tcl
ps7_init
ps7_post_config
targets -set -nocase -filter {name =~ "*A9*#0"}
dow C:/Travail/S4InfoAtelier4/project/Debug/project.elf
configparams force-mem-access 0
----------------End of Script----------------

11:31:24 INFO  : Context for processor 'ps7_cortexa9_0' is selected.
11:31:24 INFO  : 'con' command is executed.
11:31:24 INFO  : ----------------XSDB Script (After Launch)----------------
targets -set -nocase -filter {name =~ "*A9*#0"}
con
----------------End of Script----------------

11:31:24 INFO  : Launch script is exported to file 'C:\Travail\S4InfoAtelier4\project_system\_ide\scripts\debugger_project-default.tcl'
11:31:57 INFO  : Checking for BSP changes to sync application flags for project 'project'...
11:32:02 INFO  : Disconnected from the channel tcfchan#2.
11:32:03 INFO  : Connected to target on host '127.0.0.1' and port '3121'.
11:32:03 INFO  : Jtag cable 'Digilent Zybo Z7 210351A78095A' is selected.
11:32:03 INFO  : 'jtag frequency' command is executed.
11:32:03 INFO  : Context for 'APU' is selected.
11:32:03 INFO  : System reset is completed.
11:32:06 INFO  : 'after 3000' command is executed.
11:32:06 INFO  : 'targets -set -filter {jtag_cable_name =~ "Digilent Zybo Z7 210351A78095A" && level==0 && jtag_device_ctx=="jsn-Zybo Z7-210351A78095A-13722093-0"}' command is executed.
11:32:08 INFO  : Device configured successfully with "C:/Travail/S4InfoAtelier4/project/_ide/bitstream/atelier4_wrapper.bit"
11:32:08 INFO  : Context for 'APU' is selected.
11:32:09 INFO  : Hardware design and registers information is loaded from 'C:/Travail/S4InfoAtelier4/atelier4_wrapper/export/atelier4_wrapper/hw/atelier4_wrapper.xsa'.
11:32:09 INFO  : 'configparams force-mem-access 1' command is executed.
11:32:09 INFO  : Context for 'APU' is selected.
11:32:09 INFO  : Sourcing of 'C:/Travail/S4InfoAtelier4/project/_ide/psinit/ps7_init.tcl' is done.
11:32:09 INFO  : 'ps7_init' command is executed.
11:32:09 INFO  : 'ps7_post_config' command is executed.
11:32:09 INFO  : Context for processor 'ps7_cortexa9_0' is selected.
11:32:10 INFO  : The application 'C:/Travail/S4InfoAtelier4/project/Debug/project.elf' is downloaded to processor 'ps7_cortexa9_0'.
11:32:10 INFO  : 'configparams force-mem-access 0' command is executed.
11:32:10 INFO  : ----------------XSDB Script----------------
connect -url tcp:127.0.0.1:3121
targets -set -nocase -filter {name =~"APU*"}
rst -system
after 3000
targets -set -filter {jtag_cable_name =~ "Digilent Zybo Z7 210351A78095A" && level==0 && jtag_device_ctx=="jsn-Zybo Z7-210351A78095A-13722093-0"}
fpga -file C:/Travail/S4InfoAtelier4/project/_ide/bitstream/atelier4_wrapper.bit
targets -set -nocase -filter {name =~"APU*"}
loadhw -hw C:/Travail/S4InfoAtelier4/atelier4_wrapper/export/atelier4_wrapper/hw/atelier4_wrapper.xsa -mem-ranges [list {0x40000000 0xbfffffff}] -regs
configparams force-mem-access 1
targets -set -nocase -filter {name =~"APU*"}
source C:/Travail/S4InfoAtelier4/project/_ide/psinit/ps7_init.tcl
ps7_init
ps7_post_config
targets -set -nocase -filter {name =~ "*A9*#0"}
dow C:/Travail/S4InfoAtelier4/project/Debug/project.elf
configparams force-mem-access 0
----------------End of Script----------------

11:32:10 INFO  : Context for processor 'ps7_cortexa9_0' is selected.
11:32:10 INFO  : 'con' command is executed.
11:32:10 INFO  : ----------------XSDB Script (After Launch)----------------
targets -set -nocase -filter {name =~ "*A9*#0"}
con
----------------End of Script----------------

11:32:10 INFO  : Launch script is exported to file 'C:\Travail\S4InfoAtelier4\project_system\_ide\scripts\debugger_project-default.tcl'
11:39:20 INFO  : Checking for BSP changes to sync application flags for project 'project'...
11:39:34 INFO  : Disconnected from the channel tcfchan#3.
11:39:35 INFO  : Connected to target on host '127.0.0.1' and port '3121'.
11:39:35 INFO  : Jtag cable 'Digilent Zybo Z7 210351A78095A' is selected.
11:39:35 INFO  : 'jtag frequency' command is executed.
11:39:35 INFO  : Context for 'APU' is selected.
11:39:35 INFO  : System reset is completed.
11:39:38 INFO  : 'after 3000' command is executed.
11:39:38 INFO  : 'targets -set -filter {jtag_cable_name =~ "Digilent Zybo Z7 210351A78095A" && level==0 && jtag_device_ctx=="jsn-Zybo Z7-210351A78095A-13722093-0"}' command is executed.
11:39:39 INFO  : Device configured successfully with "C:/Travail/S4InfoAtelier4/project/_ide/bitstream/atelier4_wrapper.bit"
11:39:40 INFO  : Context for 'APU' is selected.
11:39:41 INFO  : Hardware design and registers information is loaded from 'C:/Travail/S4InfoAtelier4/atelier4_wrapper/export/atelier4_wrapper/hw/atelier4_wrapper.xsa'.
11:39:41 INFO  : 'configparams force-mem-access 1' command is executed.
11:39:41 INFO  : Context for 'APU' is selected.
11:39:41 INFO  : Sourcing of 'C:/Travail/S4InfoAtelier4/project/_ide/psinit/ps7_init.tcl' is done.
11:39:42 INFO  : 'ps7_init' command is executed.
11:39:42 INFO  : 'ps7_post_config' command is executed.
11:39:42 INFO  : Context for processor 'ps7_cortexa9_0' is selected.
11:39:42 INFO  : The application 'C:/Travail/S4InfoAtelier4/project/Debug/project.elf' is downloaded to processor 'ps7_cortexa9_0'.
11:39:42 INFO  : 'configparams force-mem-access 0' command is executed.
11:39:42 INFO  : ----------------XSDB Script----------------
connect -url tcp:127.0.0.1:3121
targets -set -nocase -filter {name =~"APU*"}
rst -system
after 3000
targets -set -filter {jtag_cable_name =~ "Digilent Zybo Z7 210351A78095A" && level==0 && jtag_device_ctx=="jsn-Zybo Z7-210351A78095A-13722093-0"}
fpga -file C:/Travail/S4InfoAtelier4/project/_ide/bitstream/atelier4_wrapper.bit
targets -set -nocase -filter {name =~"APU*"}
loadhw -hw C:/Travail/S4InfoAtelier4/atelier4_wrapper/export/atelier4_wrapper/hw/atelier4_wrapper.xsa -mem-ranges [list {0x40000000 0xbfffffff}] -regs
configparams force-mem-access 1
targets -set -nocase -filter {name =~"APU*"}
source C:/Travail/S4InfoAtelier4/project/_ide/psinit/ps7_init.tcl
ps7_init
ps7_post_config
targets -set -nocase -filter {name =~ "*A9*#0"}
dow C:/Travail/S4InfoAtelier4/project/Debug/project.elf
configparams force-mem-access 0
----------------End of Script----------------

11:39:42 INFO  : Context for processor 'ps7_cortexa9_0' is selected.
11:39:42 INFO  : 'con' command is executed.
11:39:42 INFO  : ----------------XSDB Script (After Launch)----------------
targets -set -nocase -filter {name =~ "*A9*#0"}
con
----------------End of Script----------------

11:39:42 INFO  : Launch script is exported to file 'C:\Travail\S4InfoAtelier4\project_system\_ide\scripts\debugger_project-default.tcl'
11:40:02 INFO  : Checking for BSP changes to sync application flags for project 'project'...
11:46:23 INFO  : Disconnected from the channel tcfchan#4.
11:46:24 INFO  : Connected to target on host '127.0.0.1' and port '3121'.
11:46:24 INFO  : Jtag cable 'Digilent Zybo Z7 210351A78095A' is selected.
11:46:24 INFO  : 'jtag frequency' command is executed.
11:46:24 INFO  : Context for 'APU' is selected.
11:46:24 INFO  : System reset is completed.
11:46:27 INFO  : 'after 3000' command is executed.
11:46:27 INFO  : 'targets -set -filter {jtag_cable_name =~ "Digilent Zybo Z7 210351A78095A" && level==0 && jtag_device_ctx=="jsn-Zybo Z7-210351A78095A-13722093-0"}' command is executed.
11:46:28 INFO  : Device configured successfully with "C:/Travail/S4InfoAtelier4/project/_ide/bitstream/atelier4_wrapper.bit"
11:46:28 INFO  : Context for 'APU' is selected.
11:46:30 INFO  : Hardware design and registers information is loaded from 'C:/Travail/S4InfoAtelier4/atelier4_wrapper/export/atelier4_wrapper/hw/atelier4_wrapper.xsa'.
11:46:30 INFO  : 'configparams force-mem-access 1' command is executed.
11:46:30 INFO  : Context for 'APU' is selected.
11:46:30 INFO  : Sourcing of 'C:/Travail/S4InfoAtelier4/project/_ide/psinit/ps7_init.tcl' is done.
11:46:31 INFO  : 'ps7_init' command is executed.
11:46:31 INFO  : 'ps7_post_config' command is executed.
11:46:31 INFO  : Context for processor 'ps7_cortexa9_0' is selected.
11:46:32 INFO  : The application 'C:/Travail/S4InfoAtelier4/project/Debug/project.elf' is downloaded to processor 'ps7_cortexa9_0'.
11:46:32 INFO  : 'configparams force-mem-access 0' command is executed.
11:46:32 INFO  : ----------------XSDB Script----------------
connect -url tcp:127.0.0.1:3121
targets -set -nocase -filter {name =~"APU*"}
rst -system
after 3000
targets -set -filter {jtag_cable_name =~ "Digilent Zybo Z7 210351A78095A" && level==0 && jtag_device_ctx=="jsn-Zybo Z7-210351A78095A-13722093-0"}
fpga -file C:/Travail/S4InfoAtelier4/project/_ide/bitstream/atelier4_wrapper.bit
targets -set -nocase -filter {name =~"APU*"}
loadhw -hw C:/Travail/S4InfoAtelier4/atelier4_wrapper/export/atelier4_wrapper/hw/atelier4_wrapper.xsa -mem-ranges [list {0x40000000 0xbfffffff}] -regs
configparams force-mem-access 1
targets -set -nocase -filter {name =~"APU*"}
source C:/Travail/S4InfoAtelier4/project/_ide/psinit/ps7_init.tcl
ps7_init
ps7_post_config
targets -set -nocase -filter {name =~ "*A9*#0"}
dow C:/Travail/S4InfoAtelier4/project/Debug/project.elf
configparams force-mem-access 0
----------------End of Script----------------

11:46:32 INFO  : Context for processor 'ps7_cortexa9_0' is selected.
11:46:32 INFO  : 'con' command is executed.
11:46:32 INFO  : ----------------XSDB Script (After Launch)----------------
targets -set -nocase -filter {name =~ "*A9*#0"}
con
----------------End of Script----------------

11:46:32 INFO  : Launch script is exported to file 'C:\Travail\S4InfoAtelier4\project_system\_ide\scripts\debugger_project-default.tcl'
11:48:36 INFO  : Disconnected from the channel tcfchan#5.
